"dist name","dist version ","release date","perl version"
3cx,10.5.0,2020-07-16,5.28.1
3cx,9.9.0,2019-06-16,5.24.1
3cx,8.6.0,2016-12-12,5.20.2
4mlinux,39.0,2022-03-26,5.34.0
4mlinux,38.1,2022-01-30,5.32.1
4mlinux,37.0,2020-12-25,5.32.1
4mlinux,35.0,2019-12-15,5.32.0
4mlinux,31.0,2018-12-01,5.30.0
4mlinux,27.0,2017-11-02,5.26.2
4mlinux,23.0,2016-11-01,5.24.1
4mlinux,20.0,2015-11-01,5.24.0
4mlinux,14.0,2015-03-22,5.22.0
4mlinux,11.1,2014-11-28,5.20.1
4mlinux,10.1,2014-08-24,5.20.1
4mlinux,9.1,,5.20.0
absolute,20220405,2022-04-05,5.34.1
absolute,15.0,2022-02-06,5.34.0
absolute,14.2.2,2016-12-07,5.22.2
absolute,14.12,2015-09-22,5.18.1
absolute,14.11,2014-09-08,5.18.1
absolute,14.04,2013-01-14,5.16.1
absolute,13.50,2012-03-11,5.14.0
absolute,13.38,2011-06-19,5.14.0
absolute,13.2.2,2011-04-27,5.12.3
absolute,13.1.6,2010-10-09,5.10.1
absolute,13.0.9,2010-02-07,5.10.1
absolute,12.2.5,2009-06-06,5.10.0
absolute,12.1.13,2008-11-11,5.10.0
absolute,12.0.7,2007-10-12,5.8.8
absolute,11.0.92,2007-03-29,5.8.8
academix,2.7,2021-10-10,5.28.1
alma,8.5,2021-11-12,5.24.4
alpine,3.15.4,2022-04-04,5.34.0
alpine,3.14.5,2022-03-28,5.34.0
alpine,3.13.9,2022-03-28,5.34.0
alpine,3.12.11,2022-03-28,5.34.0
alpine,3.10.6,2021-02-23,5.28.3
alpine,3.6.2,2017-06-17,--
alpine,3.2.2,2015-07-14,5.20.2
alpine,2.7.8,2014-05-21,5.18.1
alpine,1.10.6,2010-06-16,5.10.1
alt,Sisyphus,2022-04-29,5.34.0
alt,9.1,2020-08-02,5.28.2
alt,9.0,2019-10-28,5.28.1
alt,8.2,2017-12-31,5.22.3
alt,8.1,2016-11-24,5.22.1
alt,7.0.0,2013-07-01,5.16.3
alt,6.0.0,2011-08-30,5.12.3
alt,5.0.0,2009-10-29,5.8.9
alt,4.1.1,2009-01-14,5.8.8
alt,4.0,2007-08-27,5.8.8
alt,3.0,2005-12-08,5.8.7
alt,2.4,2004-09-19,5.8.4
alt,2.3,2004-03-25,5.8.2
alt,2.2,2003-03-04,5.8.0
alt,2.0,2002-04-17,5.6.1
alt,1.1,2001-09-12,5.6.1
anarchy,1.3.3,2021-09-25,5.32.1
anarchy,1.2.1,2020-05-01,5.30.2
androidx86,9.0-r2,2020-03-25," "
androidx86,8.1-r6,2021-06-23," "
androidx86,7.1-r5,2021-02-14," "
androidx86,6.0-r3,2017-04-24," "
androidx86,4.4-r4,2016-01-23," "
antix,21bullseye,2021-10-31,5.32.1
antix,19.5,2022-01-25,5.28.1
antix,17.5,2022-01-09,5.24.1
antix,16.3,2017-12-21,5.20.2
antix,15,2015-06-30,5.20.2
antix,13.2,2013-11-05,5.14.2
antix,12,2012-08-07,5.14.2
antix,11,2011-05-02,5.10.1
antix,8.5,2010-04-12,5.10.1
apodio,13-1.2.7,2020-10-08,5.30.0
apodio,10.03,2015-05-06,5.18.2
apodio,9,2013-03-15,5.14.2
apodio,5.0.8,2009-02-23,5.8.8
apodio,4.3.9,2006-07-28,5.8.7
apodio,3.0.9,2004-11-20,5.8.5
arch,current,2022-04-29,5.34.1
arch,2011.08.19,2011-08-19,5.14.1
arch,2010.05,2010-05-17,5.10.1
arch,2009.08,2009-08-09,5.10.0
arch,2009.02,2009-02-17,5.10.0
arch,2008.06overlord,2008-06-24,5.10.0
arch,2007.08dontpanic,2007-08-05,5.8.8
arch,0.8voodoo,2007-04-01,5.8.8
arch,0.7wombat,2005-01-24,5.8.6
arch,0.6widget,2004-03-01,5.8.3
arch,0.5nova,2003-07-21,5.8.0
arch,0.4dragon,2002-12-18,5.8.0
arch,0.3firefly,2002-08-07,5.8.0
arch,0.2vega,2002-04-17,5.6.1
arch,0.1homer,2002-03-11,5.6.1
archbang,2201,2022-01-24,5.34.0
archbang,0101,2021-01-01,5.32.0
archbang,0711,2020-11-07,5.32.0
archbang,0101,2020-01-01,5.30.1
archbang,1007,2019-07-10,5.30.0
archbang,1905,2018-05-19,5.26.2
archbang,021117,2017-11-02,5.26.1
archbang,170916,2016-09-17,5.24.0
archbang,031215,2015-12-03,5.22.0
archbang,2014.01,2014-01-08,5.18.1
archbang,2013.09,2013-09-01,5.18.1
archbang,2012.12,2012-12-08,5.16.2
archbang,2011.11,2011-11-02,5.14.2
archbang,2011.02,2011-02-05,5.12.2
archbang,2010.10,2010-10-07,5.12.1
archcraft,2022.04.07,2022-04-11,5.34.1
archcraft,2021.10.05,2021-10-12,5.34.0
archlabs,2022.02.12,2022-02-12,5.34.0
archlabs,2021.05.02,2021-05-02,5.32.1
archlabs,2020.11.04,2020-11-04,5.32.0
archlabs,2019.10.29,2019-10-29,5.30.0
archlabs,2018.12.17,2018-12-18,5.28.1
archlabs,2018.07,2018-07-29,5.26.2
archlabs,2017.12,2017-12-23,5.26.1
archlabs,5.0R2-D2,2017-07-07,5.26.0
archman,2022.04.18,2022-04-18,5.34.1
archman,2021.11.04,2021-11-03,5.34.0
archman,2020.12.09,2020-12-09,5.32.0
archman,2019-12,2019-11-30,5.30.1
archman,2018.11,2018-11-05,5.28.0
archstrike,2020.09.18,2020-09-18,5.32.0
archstrike,2019.06.09,2019-06-09,5.28.2
archstrike,2016.07.21,2016-07-21,5.24.0
arco,22.03.07,2022-03-09,5.34.0
arco,21.11.05,2021-11-10,5.34.0
arco,20.11.9,2020-11-13,5.32.0
arco,19.12.17,2019-12-24,5.30.1
arco,18.12.7,2018-12-14,5.28.0
armbian,22.02.1,2022-02-28,5.32.1
artix,20220123,2022-01-25,5.34.0
artix,20210726,2021-07-28,5.32.1
artix,20200210,2020-02-10,5.30.1
artix,20181004,2018-10-04,5.28.0
artix,20170808,2017-08-08,5.26.0
avlinux,MX-21.1,2022-04-18,5.32.1
avlinux,2021.06.18,2021-06-18,5.28.1
avlinux,2020.12.03,2020-12-04,5.28.1
avlinux,2020.5.10,2020-05-09,5.28.1
avlinux,2019.4.10,2019-04-10,5.24.1
avlinux,2017.4.9,2017-04-10,5.24.1
avlinux,2016.8.30,2016-09-07,5.22.2
avlinux,6.0.4,2014-11-07,5.10.1
avlinux,5.0.3,2012-02-09,5.10.1
avlinux,4.2,2010-12-21,5.10.1
backbox,7,2020-05-15,5.30.0
backbox,6,2019-06-11,5.26.1
backbox,5.3,2019-02-19,5.22.1
backbox,4.7,2016-12-06,5.18.2
backbox,3.13,2014-01-16,5.14.2
backbox,2.05,2012-04-26,5.10.1
baruwa,6.10.6,2021-01-18,5.10.1
berry,1.36,2022-02-22,--
berry,1.35,2021-07-07,5.32.1
berry,1.34,2020-12-19,5.32.0
berry,1.31,2019-06-08,5.28.1
berry,1.30,2019-03-13,5.26.2
berry,1.29,2019-03-04,5.26.2
berry,1.27,2018-06-04,5.26.1
berry,1.25,2017-11-22,5.24.3
berry,1.23,2016-08-05,5.22.2
berry,1.22,2015-12-31,5.22.1
berry,1.20,2015-05-29,5.18.4
berry,1.18,2014-06-23,5.10.1
berry,1.17,2012-12-31,5.10.1
berry,1.13,2012-02-06,5.10.1
berry,1.12,2011-10-30,5.10.1
berry,1.10,2011-05-24,5.10.1
berry,1.03,2010-06-29,5.10.0
berry,1.00,2009-12-25,5.10.0
berry,0.97,2009-06-14,5.10.0
berry,0.93,2008-11-27,5.10.0
berry,0.90,2008-05-17,5.8.8
berry,0.86,2007-11-18,5.8.8
berry,0.81,2007-06-13,5.8.8
berry,0.75,2006-11-02,5.8.8
berry,0.68,2006-03-22,5.8.6
berry,0.60,2005-07-21,5.8.6
berry,0.50,2004-11-17,5.8.3
bicom,6.4.0-pbx,2021-09-23,5.20.2
bicom,5.0.0,2018-01-24,5.20.2
bicom,4.1.2-r2,2017-09-20,5.20.2
bicom,3.8,2013-09-24,5.12.4
biglinux,2022-02-07,2022-02-07,5.34.0
biglinux,19.04,2019-08-20,5.28.1
biglinux,7.10,2017-10-24,5.26.0
biglinux,12.04,2012-07-27,5.14.2
biglinux,11.10,2012-01-22,5.12.4
biglinux,4.2,2008-11-07,5.8.8
biglinux,3.0,2006-10-02,5.8.7
biglinux,2.1,2005-05-12,5.8.4
biglinux,1.4,2004-08-19,5.8.3
blackarch,2021.09.01,2021-08-17,5.34.0
blackarch,2020.12.01,2020-12-01,5.32.0
blackarch,2019.09.01,2019-08-28,5.30.0
blackarch,2018.12.01,2018-11-30,5.28.0
blackarch,2017.12.11,2017-12-11,5.26.1
blackarch,2016.12.29,2016-12-29,5.24.0
blackarch,2015.03.29,2015-03-30,5.20.2
blackarch,2014.07.01,2014-07-01,5.20.0
blueonyx,5210R,2020-08-01,5.26.3
blueonyx,5209R,2020-08-02,5.16.3
blueonyx,5208R,2017-10-25,5.10.1
bluestar,5.17.4,2022-04-27,5.34.1
bluestar,5.15.10,2021-12-20,5.34.0
bluestar,5.4.2,2020-12-17,5.32.0
bluestar,4.19.11,2019-12-12,5.30.1
bluestar,4.14.3,2018-12-23,5.28.1
bluestar,4.8.4,2017-12-05,5.26.1
bodhi,6.0.0,2021-05-12,5.30.0
bodhi,5.1.0,2020-03-23,5.26.1
bodhi,4.5.0,2018-02-19,5.22.1
bodhi,3.2.1,2016-05-09,5.18.2
bodhi,2.4.0,2013-09-12,5.14.2
bodhi,1.4.0,2012-03-22,5.10.1
boss,8.0,2021-03-03,5.28.1
boss,7.0,2018-08-28,5.24.1
boss,6.2,2016-03-30,5.20.2
boss,5.0,2013-12-23,5.14.2
boss,4.0,2012-08-02,5.10.1
boss,3.0,2008-09-04,5.8.8
boss,2.0,2007-09-17,5.8.8
boss,1.1,2007-02-23,5.8.8
boss,1.0,2007-01-10,5.8.8
bunsenlabs,lithium-3,2021-09-06,5.28.1
bunsenlabs,helium-5,2019-07-09,5.24.1
bunsenlabs,20170429deuterium,2017-04-29,5.20.2
bunsenlabs,20160710hydrogen,2016-07-10,5.20.2
cae,2020,2020-08-12,5.26.1
cae,2018,2019-01-01,5.22.1
cae,2013,2014-03-09,5.14.2
cae,2011,2011-10-27,5.10.1
cae,2010,2010-09-01,5.10.1
cae,2009,2009-06-22,5.8.8
caine,12.4,2021-12-10,5.30.0
caine,11.0,2019-12-02,5.26.1
caine,10.0,2018-11-09,5.26.1
caine,9.0,2017-10-25,5.22.1
caine,8.0,2016-10-31,5.22.1
caine,7.0,2015-11-05,5.18.2
caine,6.0,2014-10-06,5.18.2
caine,5.0,2014-01-17,5.14.2
caine,4.0,2013-03-18,5.14.2
caine,3.0,2012-10-03,5.14.2
caine,2.5.1,2011-11-19,5.10.1
caine,2.0,2010-09-14,5.10.1
caine,1.5,2009-11-18,5.8.8
caine,0.5,2009-02-22,5.8.8
calculate,22,2021-12-08,5.34.0
calculate,21,2021-04-28,5.30.3
calculate,20.6,2020-06-21,5.30.3
calculate,18.12,2018-12-29,5.24.3
calculate,17.12.2,2018-02-22,5.24.3
calculate,15.17,2016-05-20,5.20.2
calculate,14.16.2,2015-06-05,5.20.2
calculate,13.19,2014-07-02,5.16.3
calculate,12.0.3,2012-09-02,5.12.4
calculate,11.15,2012-03-14,5.12.4
calculate,11.12,2011-12-29,5.12.4
calculate,11.9,2011-10-01,5.12.4
calculate,11.6.1,2011-07-23,5.12.3
calculate,11.3,2011-03-12,5.12.2
calculate,10.9,2010-10-08,5.8.8
calculate,10.4,2010-04-08,5.8.8
calculate,9.9,2009-09-28,5.8.8
canaima,6.1.0-beta,2020-06-24,5.24.1
canaima,5.1,2017-09-06,5.20.2
canaima,4.1,2014-09-04,5.14.2
canaima,3.1,2012-11-14,5.10.1
canaima,2.1,2010-07-20,5.10.0
centos,9,2021-12-03,5.32.1
centos,8.5.2111,2021-11-16,5.30.1
centos,7.8.2003,2020-04-27,5.16.3
centos,6.10,2018-07-03,5.10.1
centos,5.11,2014-09-30,5.8.8
centos,4.8,2009-08-22,5.8.5
centos,3.9,2007-07-27,5.8.0
centos,2.0,2004-05-24,5.6.1
clear,36010,2022-03-14,5.34.0
clear,35000,2021-08-31,5.34.0
clear,31300,2019-10-15,5.28.2
clear,27900,2019-02-19,5.28.1
clear,12430,2017-01-03,5.24.0
clearos,7.9.1,2021-05-19,5.16.3
clearos,6.7.0,2015-12-14,5.10.1
clearos,5.2,2010-07-22,5.8.8
clearos,5.0,2009-07-09,5.8.8
clearos,4.3,2008-08-13,5.8.5
clearos,3.2,2005-11-03,5.8.5
clearos,2.2,2004-04-20,5.8.0
clearos,1.3,2003-04-15,5.6.1
clearos,0.9.1,2001-12-20,5.6.0
clonezilla,2.8.1-12,2022-01-08,5.32.1
clonezilla,2.7.0-10,2020-11-10,5.30.3
clonezilla,2.6.4-10,2019-10-24,5.30.0
clonezilla,2.5.6-22,2018-08-16,5.26.2
clonezilla,2.5.2-31,2017-09-12,5.26.0
clonezilla,2.4.9-17,2016-10-25,5.24.1rc3
clonezilla,2.3.2-22,2015-02-17,5.20.1
clonezilla,2.2.4-12,2014-09-17,5.20.0
clonezilla,2.1.2-43,2013-08-27,5.12.4
clonezilla,2.0.1-5,2012-11-27,5.12.4
clonezilla,1.2.12-67,2012-06-27,5.12.4
clonezilla,1.1.0-8,2008-06-24,5.8.8
clonezilla,1.0.10-8,2008-04-07,5.8.8
cloudready,96.4.36,2022-04-05,--
cloudready,94.4.4,2021-12-06,--
cloudready,85.4.0,2020-11-16," "
cloudready,63.3.41,2018-03-19,--
cloudready,54.1.25,2016-12-22,--
crux,3.6.1,2020-12-13,5.32.0
crux,3.5,2019-06-11,5.28.2
crux,3.4,2018-05-13,5.26.2
crux,3.3,2017-02-11,5.24.1
crux,3.2,2015-11-22,5.22.0
crux,3.1,2014-07-16,5.18.2
crux,3.0,2013-01-18,5.16.2
crux,2.8,2012-10-24,5.16.1
crux,2.7.1,2011-11-25,5.12.4
crux,2.7,2011-10-03,5.12.2
crux,2.6,2009-09-09,5.10.1
crux,2.5,2008-12-18,5.10.0
crux,2.4,2007-12-23,5.8.8
crux,2.3,2007-03-20,5.8.8
crux,2.2,2006-04-09,5.8.8
crux,2.1,2005-04-25,5.8.6
crux,2.0,2004-05-20,5.8.4
crux,1.3.1,2004-02-20,5.8.2
crux,1.3,2003-12-06,5.8.2
crux,1.2,2003-08-11,5.8.0
crux,1.1,2003-03-23,5.8.0
crux,1.0,2002-12-14,5.8.0
crux,0.9.4,2002-09-12,5.8.0
crux,0.9.3,2002-04-14,5.6.1
crux,0.9.2,2002-01-20,5.6.1
crux,0.9.1,2001-10-03,5.6.1
debian,unstablesid,2022-04-29,5.34.0
debian,testingbookworm,2022-04-29,5.34.0
debian,11bullseye,2021-08-14,5.32.1
debian,10buster,2019-07-06,5.28.1
debian,9stretch,2017-06-18,5.24.1
debian,8.0jessie,2015-04-26,5.20.2
debian,7.0wheezy,2013-05-04,5.14.2
debian,6.0squeeze,2011-02-06,5.10.1
debian,5.0lenny,2009-02-15,5.10.0
debian,4.0etch,2007-04-08,5.8.8
debian,3.1sarge,2005-06-06,5.8.4
debian,3.0woody,2002-07-19,5.6.1
debian,2.2potato,2000-08-15,5.4.5
debian,2.1slink,1999-03-09,5.4.4
debian,2.0hamm,1998-07-23,5.4.4
debian,1.3bo,1997-06-05,5.3.7
debian,1.2rex,1996-12-12,5.3.7
debian,1.1buzz,1996-06-17,5.2
deepin,20.5,2022-03-31,5.28.1
deepin,15.11,2019-07-19,5.24.1
deepin,15.3,2016-09-13,5.22.1
deepin,2014.3,2015-04-28,5.18.2
deepin,2013,2013-11-28,5.14.2
deepin,12.12,2013-06-19,5.14.2
deepin,12.06,2012-07-17,5.14.2
deepin,11.12.1,2012-03-03,5.12.4
deepin,11.06.1,2011-08-10,5.10.1
deepin,10.12.1,2011-03-28,5.10.1
deepin,10.06,2010-07-20,5.10.1
deepin,9.12,2009-12-30,5.10.0
deepin,2.0,2008-11-17,5.10.0
deepin,1.0,2006-09-25,5.8.7
deepin,0.6,2005-02-24,5.8.4
deepin,0.55,2004-09-25,5.8.4
deepin,0.3,2004-07-22,5.8.4
devuan,unstableceres,2022-02-07,5.32.1
devuan,testingtesting,2022-02-07,5.32.1
devuan,4.0.0chimaera,2021-10-14,5.32.1
devuan,3.1.0beowulf,2021-02-15,5.28.1
devuan,2.1ascii,2019-11-25,5.24.1
devuan,1.0.0jessie,2017-05-25,5.20.2
diamond,05.Fb.21,2021-02-07,5.28.1
diamond,15.12.20,2020-12-15,5.28.1
dietpi,8.2,2022-03-05,5.32.1
dietpi,7.9,2021-12-15,5.32.1
dietpi,6.34,2020-12-15,5.30.3
dietpi,6.0,2018-01-28,5.26.0
dietpi,159,2017-12-17,5.24.1
dragonflybsd,6.2.1,2022-01-10,--
dragonflybsd,6.0.0,2021-05-10,--
dragonflybsd,5.8.0,2020-03-02,5.30.1
dragonflybsd,5.4.3,2019-05-20,5.28.1
dragonflybsd,5.2.2,2018-06-18,5.26.2
dragonflybsd,4.8.1,2017-08-02,5.24.1
dragonflybsd,4.6.0,2016-08-02,5.24.0
dragonflybsd,4.4.1,2015-12-07,5.20.3
dragonflybsd,3.8,2014-06-05,5.20.0
dragonflybsd,2.10,2011-04-26,5.12.2
dragonflybsd,1.12,2008-02-27,5.8.8
easynas,1.0.2,2022-04-15,5.26.1
easynas,0.8.0,2018-06-17,5.26.2
easynas,0.7.2,2017-09-07,5.24.1
easynas,0.6.5,2016-10-30,5.18.2
easyos,3.4.6dunfell,2022-04-16,5.30.1
easyos,2.6.2buster,2021-06-29,5.28.1
easyos,1.2.8pyro,2019-11-06,5.24.1
elastix,9.13.0,2020-09-02,5.24.1
elastix,5.0.0,2017-11-07,5.24.1
elastix,4.0.76,2016-09-16,5.16.3
elastix,3.0.0,2014-10-29,5.10.1
elastix,2.5.0,2014-10-29,5.8.8
elastix,1.5.2,2009-03-31,5.8.8
elearnix,20220309,2022-03-11,5.30.0
elearnix,2.7,2004-05-22,--
elementary,6.1jolnir,2021-12-20,5.30.0
elementary,6.0odin,2021-08-10,5.30.0
elementary,5.1.7hera,2020-08-14,5.26.1
elementary,5.0juno,2018-10-16,5.26.1
elementary,0.4.1loki,2017-05-17,5.22.1
elementary,0.3.2freya,2015-12-09,5.18.2
elementary,0.2luna,2013-08-11,5.14.2
elementary,0.1jupiter,2011-04-01,5.10.1
elive,3.8.27,2022-04-07,5.28.1
elive,3.0.4,2019-04-28,5.14.2
elive,2.0,2010-03-04,5.10.0
elive,1.0,2007-07-05,5.8.8
elive,0.6,2006-12-25,5.8.8
elive,0.5,2006-09-24,5.8.8
elive,0.4.2,2006-03-03,5.8.7
elive,0.3,2005-08-30,5.8.7
elive,0.1,2005-01-24,5.8.4
emmabuntus,DE4-1.01,2022-01-11,5.32.1
emmabuntus,DE3-1.04,2021-03-01,5.28.1
emmabuntus,DE2-1.06,2019-12-19,5.24.1
emmabuntus,DE-1.03,2017-08-29,5.20.2
emmabuntus,3-1.04,2017-05-15,5.18.2
emmabuntus,2-1.09,2014-12-19,5.14.2
endeavour,22.1,2022-04-08,5.34.1
endeavour,21.5,2021-12-17,5.34.0
endeavour,2020.09.20,2020-09-20,5.32.0
endeavour,2019.12.22,2019-12-23,5.30.1
endian,3.3.15,2022-03-30,5.14.3
endian,3.0.0,2014-01-20,5.8.5
endian,2.5.2,2013-08-23,5.8.5
endian,2.4.1,2010-11-12,5.8.5
endian,2.3,2009-10-27,5.8.5
endian,2.2,2009-05-28,5.8.5
endian,2.1.2,2007-07-10,5.8.5
endless,4.0.4,2022-04-06,5.32.1
endless,3.9.5,2021-07-09,5.28.1
endless,3.8.7,2020-10-07,5.28.1
endless,3.5.8,2019-04-08,5.24.1
enso,0.4,2020-09-25,5.30.0
enso,0.3.1,2019-06-06,5.26.1
enso,0.2,2017-09-21,5.22.1
eurolinux,8.5,2021-11-26,5.26.3
eurolinux,7.9,2020-11-03,5.16.3
eurolinux,6.10,2018-07-25,5.10.1
exe,20220306-chimaera,2022-03-06,5.32.1
exe,20200707-beowulf,2020-07-08,5.28.1
exe,20200103,2020-01-03,5.24.1
exe,20171215,2017-12-17,5.20.2
exe,20161230,2016-12-30,5.20.2
exe,20150625,2015-06-25,5.20.2
exe,4.2,2013-07-24,5.14.2
exe,3.3,2012-10-21,5.10.1
exherbo,current,2022-02-07,5.30.2
extix,22.1,2022-01-14,5.28.1
extix,21.11,2021-10-31,5.32.1
extix,20.12,2020-12-05,5.30.0
extix,19.10,2019-10-23,5.28.1
extix,18.10,2018-10-06,5.26.2
extix,17.8,2017-10-12,5.26.0
extix,16.5,2016-10-12,5.22.2
extix,15.4,2015-10-17,5.20.2
extix,14.2,2014-10-24,5.20.1
extix,13,2013-04-28,5.14.2
extix,11,2012-12-04,5.14.2
extix,10,2012-05-17,5.14.2
extix,9,2011-12-30,5.12.4
extix,8,2010-10-08,5.10.1
extix,7.0,2009-07-14,5.10.0
extix,6.0,2008-09-01,5.10.0
fatdog,812,2021-11-08,--
fatdog,810,2020-01-21,--
fatdog,720,2017-12-26,5.20.0
fatdog,710,2016-12-04,5.20.0
fedora,rawhide,2022-04-29,5.34.1
fedora,35,2021-11-02,5.34.0
fedora,34,2021-04-27,5.32.1
fedora,33,2020-10-27,5.32.0
fedora,32,2020-04-28,5.30.2
fedora,31,2019-10-29,5.30.0
fedora,30,2019-04-30,5.28.1
fedora,29,2018-10-30,5.28.0
fedora,28,2018-05-01,5.26.1
fedora,27,2017-11-14,5.26.1
fedora,26,2017-07-11,5.24.1
fedora,25,2016-11-22,5.24.0
fedora,24,2016-06-21,5.22.2
fedora,23,2015-11-03,5.22.0
fedora,22,2015-05-26,5.20.2
fedora,21,2014-12-09,5.18.4
fedora,20heisenbug,2013-12-17,5.18.1
fedora,19schrodingers,2013-07-02,5.16.3
fedora,18spherical,2013-01-15,5.16.2
fedora,17beefy,2012-05-29,5.14.2
fedora,16verne,2011-11-08,5.14.1
fedora,15lovelock,2011-05-24,5.12.3
fedora,14laughlin,2010-11-02,5.12.2
fedora,13goddard,2010-05-25,5.10.1
fedora,12constantine,2009-11-17,5.10.0
fedora,11leonidas,2009-06-09,5.10.0
fedora,10cambridge,2008-11-25,5.10.0
fedora,9sulphur,2008-05-13,5.10.0
fedora,8werewolf,2007-11-08,5.8.8
fedora,7moonshine,2007-05-31,5.8.8
fedora,6zod,2006-10-24,5.8.8
fedora,5bordeaux,2006-03-20,5.8.8
fedora,4stentz,2005-06-13,5.8.6
fedora,3heidelberg,2004-11-08,5.8.5
fedora,2tettnang,2004-05-18,5.8.3
fedora,1yarrow,2003-11-05,5.8.1
ferenos,2022.03,2022-03-26,5.30.0
ferenos,2021.10,2021-10-06,5.30.0
ferenos,2020.11,2020-11-10,5.30.0
ferenos,2020.07,2020-04-16,5.26.1
ferenos,2019.12,2019-12-25,5.26.1
ferenos,2018.10,2018-10-21,5.26.1
ferenos,2017.10,2017-10-01,5.22.1
ferenos,2016.2,2016-12-16,5.22.1
finnix,124,2022-03-22,5.34.0
finnix,123,2021-09-06,5.32.1
finnix,122,2021-02-09,5.32.1
finnix,121,2020-08-10,5.30.3
finnix,120,2020-05-14,5.28.1
finnix,111,2015-06-04,5.20.2
finnix,110,2014-06-01,5.18.2
finnix,109,2013-11-14,5.18.1
finnix,107,2012-12-25,5.14.2
finnix,103,2011-10-23,5.12.4
finnix,102,2011-07-23,5.12.4
finnix,101,2010-12-25,5.10.1
finnix,93.0,2009-08-11,5.10.0
finnix,92.1,2008-12-04,5.10.0
finnix,91.1,2008-03-04,5.8.8
finnix,90.0,2007-10-23,5.8.8
finnix,89.2,2007-07-27,5.8.8
finnix,88.0,2006-08-02,5.8.8
freebsd,14-CURRENT,2022-04-28,5.32.1
freebsd,13-STABLE,2022-04-28,5.32.1
freebsd,13.0,2021-04-13,--
freebsd,12.3,2021-12-07,5.32.0
freebsd,11.3,2018-07-08,5.28.1
freebsd,10.4,2017-10-03,5.24.1
freebsd,9.3,2014-07-15,5.16.3
freebsd,8.2,2013-06-09,5.12.3
freebsd,7.4,2011-02-24,5.12.3
freebsd,6.4,2008-11-28,5.8.8
freebsd,5.5,2006-05-25,5.8.8
freebsd,4.11,2005-01-25,5.8.5
freebsd,3.5,2000-06-24,--
freebsd,2.2.8,1998-11-29,5.005.02
freedombox,2020-08-30,2020-08-30,5.28.1
freepbx,21.04,2021-04-30,5.16.3
freepbx,14.0.3.2,2018-05-23,5.16.3
freepbx,10.13.66,2017-02-15,5.10.1
freepbx,6.12.65,2014-11-21,5.10.1
freepbx,5.211.65,2014-11-23,5.10.1
freepbx,3.0,2013-03-20,5.10.1
freepbx,1.5.0,2010-09-14,5.8.8
freepbx,1.0.2,2009-04-01,5.8.8
freespire,8.2,2022-03-02,5.30.0
freespire,8.0.1,2022-01-12,5.30.0
freespire,7.7,2021-07-30,5.30.0
freespire,7.1,2020-02-11,5.30.0
freespire,6.0,2020-02-11,5.26.1
freespire,5.0,2019-10-16,5.26.1
freespire,3.0.9,2018-06-18,5.22.1
freespire,2.0.8,2007-11-30,5.8.8
freespire,1.0,2006-08-08,5.8.4
fuguita,7.0,2022-04-11," "
fuguita,6.6,2019-11-03," "
fuguita,5.8,2015-10-26,--
fuguita,5.7,2015-08-17,--
fuguita,5.6,2014-12-12,--
fuguita,5.5,2014-06-08,--
fuguita,5.4,2014-04-15,--
fuguita,5.3,2013-06-27,--
fuguita,5.2,2013-02-04,--
fuguita,4.9,2011-05-05,5.12.2
fuguita,4.7,2010-08-22,5.10.1
funtoo,current,2022-04-29,5.28.0
funtoo,1.3,2019-01-07,5.28.0
fwul,3.2,2020-09-13,5.32.0
garuda,220424,2022-04-24,5.34.1
garuda,211128,2021-11-28,5.34.0
garuda,201205,2020-12-06,5.32.0
gecko,999.220105.0,2022-01-06,5.26.1
gecko,153.220104.0,2022-01-06,5.26.1
gecko,152.210223.0,2021-02-23,5.26.1
gecko,150,2018-06-08,5.26.1
gecko,423,2018-01-05,5.18.2
gecko,422,2016-12-13,5.18.2
gentoo,unstable,2022-04-28,5.34.1
gentoo,stable,2022-04-28,5.34.0
gentoo,20160514,2016-05-27,5.22.1
gentoo,20140826,2014-09-04,5.18.2
gentoo,20121221,2012-12-21,5.16.1
gentoo,12.1,2012-04-01,5.12.4
gentoo,12.0,2012-01-02,5.12.4
gentoo,11.2,2011-08-07,5.12.4
gentoo,11.0,2011-03-08,5.12.3
gentoo,10.1,2009-10-10,5.8.8
gentoo,2008.0,2008-07-06,5.8.8
gentoo,2007.0,2007-05-07,5.8.8
gentoo,2006.1,2006-08-30,5.8.8
gentoo,2006.0,2006-02-27,5.8.7
gentoo,2005.1,2005-08-08,5.8.6
gentoo,2005.0,2005-03-28,5.8.5
gentoo,2004.3,2004-11-15,5.8.4
gentoo,2004.2,2004-07-26,5.8.4
gentoo,2004.1,2004-04-28,5.8.2
gentoo,2004.0,2004-03-01,5.8.2
gentoo,1.4,2003-08-05,5.8.0
gentoo,1.2,2002-06-05,5.6.1
gentoo,1.1a,2002-04-08,5.6.1
gentoo,1.0,2002-03-31,5.6.1
ghostbsd,22.01.12,2022-01-16,5.32.1
ghostbsd,21.11.24,2021-11-26,5.32.1
ghostbsd,20.11.28,2020-11-29,5.32.0
ghostbsd,19.10,2019-10-26,5.30.0
ghostbsd,18.12,2018-12-31,5.26.2
ghostbsd,11.1,2017-11-16,5.24.2
ghostbsd,10.3,2016-08-31,5.20.3
ghostbsd,10.1,2015-08-15,5.20.2
ghostbsd,4.0,2014-10-03,5.16.3
ghostbsd,3.5,2013-11-07,5.14.4
ghostbsd,3.1,2013-06-27,5.14.2
ghostbsd,2.5,2012-01-22,5.12.4
ghostbsd,2.0,2011-03-11,5.10.1
ghostbsd,1.5,2010-07-29,5.10.1
ghostbsd,1.0,2010-03-09,5.10.1
gobo,017,2020-05-24,5.30.1
gobo,016.01,2017-04-04,5.24.0
gobo,015,2014-05-07,5.18.1
gobo,014.01,2008-03-04,5.8.8
gobo,013,2006-11-03,5.8.8
gobo,012,2005-06-02,5.8.6
gobo,011,2004-06-04,5.8.4
gobo,010,2004-01-07,5.8.0
gobo,007,2003-10-22,5.8.0
gobo,006,2003-05-19,5.8.0
gobo,005,2002-10-11,5.8.0
gparted,1.4.0-1,2022-03-30,5.34.0
gparted,1.3.1-1,2021-07-22,5.32.1
gparted,0.33.0-1,2018-12-15,--
gparted,0.27.0-1,2016-10-21,--
gparted,0.24.0-2,2015-10-29,--
gparted,0.20.0-2,2014-10-25,5.20.1
gparted,0.16.2-1b,2013-09-24,--
gparted,0.14.1-6,2012-12-27,--
gparted,0.10.0-3,2011-11-03,--
gparted,0.7.1-1,2010-12-15,--
gparted,0.4.8-1,2009-11-03,5.10.1
gparted,0.3.9-13,2008-11-28,5.10.0
gparted,0.2.5-5,2006-08-13,5.8.7
greenie,20.04,2020-06-02,5.30.0
greenie,18.04.0.3,2018-10-25,5.26.1
greenie,16.04.1,2017-04-03,5.22.1
greenie,14.04.5,2014-11-23,5.18.2
greenie,9N,2011-06-17,5.10.1
greenie,8.1M,2011-01-24,5.10.1
greenie,7.1L,2010-08-22,5.10.1
greenie,6.1.1K,2010-04-02,5.10.0
greenie,5.1J,2009-10-19,5.10.0
greenie,4I-R3,2009-03-14,5.10.0
greenie,3.1.3H,2008-10-24,5.8.8
greenie,2.1.1,2008-04-07,5.8.8
grml,2021.07,2021-06-24,5.32.1
grml,2020.06,2020-06-24,5.30.3
grml,2018.12,2018-12-31,5.28.1
grml,2017.05,2017-05-31,5.24.1
grml,2014.11,2014-11-17,5.20.1
grml,2013.09,2013-09-29,5.18.1
grml,2013.02,2013-02-27,5.14.2
grml,2012.05,2012-05-29,5.14.2
grml,2011.12,2011-12-23,5.14.2
grml,2011.05,2011-05-29,5.12.3
grml,2010.12,2010-12-31,5.10.1
grml,2010.04,2010-04-29,5.10.1
grml,2009.10,2009-10-31,5.10.1
grml,2009.05,2009-06-01,5.10.0
grml,2008.11,2008-12-01,5.10.0
grml,1.1,2008-02-25,5.8.8
grml,1.0,2007-05-18,5.8.8
grml,0.9,2006-12-06,5.8.8
grml,0.8,2006-08-13,5.8.8
grml,0.7,2006-04-10,5.8.8
grml,0.6,2006-01-22,5.8.7
grml,0.5,2005-10-24,5.8.7
grml,0.4,2005-05-15,5.8.4
grml,0.3,2005-03-04,5.8.4
grml,0.2,2005-01-10,5.8.4
grml,0.1,2004-10-22,5.8.4
guixsd,1.3.0,2021-05-12,5.30.2
guixsd,1.2.0,2020-11-23,5.30.2
guixsd,1.0.1,2019-05-19,5.28.0
haiku,R1-beta3,2021-07-26,5.32.1
hamonikr,5.0,2021-11-18,5.30.0
hamonikr,4.0,2020-11-18,5.30.0
hamonikr,3.0,2020-07-03,5.26.1
hyperbola,0.4,2022-03-01,5.30.3
hyperbola,0.3.1,2020-02-11,5.24.1
hyperbola,0.2.9,2019-05-23,5.24.1
ipfire,2.27-core167,2022-04-27,5.32.1
ipfire,2.25-core158,2021-07-19,5.32.1
ipfire,2.23-core139,2020-01-09,5.30.0
ipfire,2.21-core130,2019-04-16,5.12.3
ipfire,2.19-core120,2018-04-30,5.12.3
ipfire,2.17-core99,2016-03-05,5.12.3
ipfire,2.15-core86,2015-01-24,5.12.3
ipfire,2.13-core76,2014-04-16,5.12.3
ipfire,2.11-core65,2012-12-19,5.12.3
ipfire,2.9-core52,2011-09-17,5.12.3
jingos,0.9,2021-05-31,5.30.0
kaisen,2.0,2021-12-14,5.32.1
kali,2022.1,2022-02-14,5.32.1
kali,2021.4,2021-12-09,5.32.1
kali,2020.4,2020-11-18,5.30.3
kali,2019.4,2019-11-26,5.30.0
kali,2018.4,2018-10-29,5.26.2
kali,2017.3,2017-11-21,5.26.1
kali,2016.2,2016-08-31,5.22.2
kali,2.0,2015-08-11,5.20.2
kali,1.1.0,2015-02-09,5.14.2
kali,5-R3,2012-08-13,5.10.1
kali,4-R2,2010-11-22,5.10.0
kali,3,2008-06-19,5.8.8
kali,2,2007-03-06,5.8.8
kali,1.0,2006-05-26,5.8.8
kali,200605,2005-06-22,5.8.4
kali,150405,2005-04-15,5.8.4
kali,081004,2004-08-10,5.8.3
kanotix,nightly,2022-02-07,5.28.1
kanotix,2014,2014-05-10,5.14.2
kanotix,2013,2013-05-22,5.14.2
kanotix,2011-05,2011-05-11,5.10.1
kanotix,2010,2010-06-08,5.10.0
kanotix,2005-04,2005-12-31,5.8.7
kanotix,2005-03,2005-06-06,5.8.4
kanotix,2004-09,2004-10-16,5.8.4
kaos,2022.02,2022-02-22,5.34.0
kaos,2021.10,2021-10-14,5.32.1
kaos,2020.11,2020-11-21,5.30.3
kaos,2019.10,2019-10-31,5.28.2
kaos,2018.12,2018-12-28,5.28.1
kaos,2017.11,2017-11-14,5.26.1
kaos,2016.11,2016-11-07,5.22.2
kaos,2015.11,2015-11-24,5.22.0
kaos,2014.12,2014-12-26,5.20.1
karoshi,13.0.1,2020-11-18,5.30.0
karoshi,12.1.0,2019-09-19,5.26.1
karoshi,11.1,2017-08-13,5.22.1
karoshi,10.1.2,2015-03-29,5.18.2
karoshi,9.0.1,2013-08-20,5.14.2
karoshi,8.0.0,2012-06-10,5.14.2
karoshi,7.0.3,2011-06-19,5.10.1
karoshi,6.0,2009-06-18,5.10.1
kdeneon,20220414,2022-04-14,5.30.0
kdeneon,20201231,2021-12-30,5.30.0
kdeneon,20191226,2020-12-31,5.30.0
kdeneon,20180906,2019-12-26,5.26.1
kdeneon,20171228,2018-09-06,5.22.1
kiss,2021.7,2021-07-02,--
kiss,2020.9,2020-09-04,5.30.2
knoppix,9.1,2021-02-19,5.32.1
knoppix,8.6.1,2019-11-23,5.28.1
knoppix,8.2,2018-05-15,5.26.2
knoppix,7.7.1,2016-10-27,5.24.1rc3
knoppix,7.6.1,2016-01-25,5.22.1
knoppix,7.4.2,2014-09-30,5.20.0
knoppix,7.2.0,2013-06-27,5.14.2
knoppix,7.0.5,2012-12-22,5.14.2
knoppix,6.7.1,2011-09-16,5.12.4
knoppix,6.4.4,2011-02-01,5.10.1
knoppix,6.2.1,2010-02-12,5.10.1
knoppix,6.0.1,2009-02-10,5.10.0
knoppix,5.3.1,2008-03-27,5.8.8
knoppix,5.1.1,2007-01-05,5.8.8
knoppix,5.0.1,2006-06-02,5.8.8
knoppix,4.0.2,2005-09-24,5.8.7
knoppix,3.9,2005-06-01,5.8.4
knoppix,3.8.2,2005-05-12,5.8.4
knoppix,3.7,2004-12-09,5.8.4
knoppix,3.6,2004-08-16,5.8.4
knoppix,3.4,2004-05-17,5.8.4
knoppix,3.3,2004-02-16,5.8.3
knoppix,3.2,2003-07-26,5.8.0
knoppix,3.1,2003-01-19,5.6.1
kodachi,8.21,2022-04-28,5.26.1
kodachi,7.6,2020-11-14,5.26.1
kodachi,6.2,2019-08-25,5.26.1
kodachi,4.1,2018-10-06,5.24.1
kodachi,3.7,2017-01-06,5.20.2
kubuntu,22.04jammy,2022-04-21,5.34.0
kubuntu,21.10impish,2021-10-14,5.32.1
kubuntu,21.04hirsute,2021-04-22,5.32.1
kubuntu,20.10groovy,2020-10-22,5.30.3
kubuntu,20.04focal,2020-04-23,5.30.0
kubuntu,19.10eoan,2019-10-17,5.28.1
kubuntu,19.04disco,2019-04-18,5.28.1
kubuntu,18.10cosmic,2018-10-18,5.26.2
kubuntu,18.04bionic,2018-04-26,5.26.1
kubuntu,17.10artful,2017-10-19,5.26.0
kubuntu,17.04zesty,2017-04-13,5.24.1
kubuntu,16.10yakkety,2016-10-13,5.22.2
kubuntu,16.04xenial,2016-04-21,5.22.1
kubuntu,15.10wily,2015-10-22,5.20.2
kubuntu,15.04vivid,2015-04-27,5.20.2
kubuntu,14.10utopic,2014-10-23,5.20.1
kubuntu,14.04trusty,2014-04-17,5.18.2
kubuntu,13.10saucy,2013-10-17,5.14.2
kubuntu,13.04raring,2013-04-25,5.14.2
kubuntu,12.10quantal,2012-10-18,5.14.2
kubuntu,12.04precise,2012-04-26,5.14.2
kubuntu,11.10oneiric,2011-10-13,5.12.4
kubuntu,11.04natty,2011-04-28,5.10.1
kubuntu,10.10maverick,2010-10-10,5.10.1
kubuntu,10.04lucid,2010-04-29,5.10.1
kubuntu,9.10karmic,2009-10-29,5.10.0
kubuntu,9.04jaunty,2009-04-23,5.10.0
kubuntu,8.10intrepid,2008-10-30,5.10.0
kubuntu,8.04hardy,2008-04-24,5.8.8
kubuntu,7.10gutsy,2007-10-18,5.8.8
kubuntu,7.04feisty,2007-04-19,5.8.8
kubuntu,6.10edgy,2006-10-26,5.8.8
kubuntu,6.06dapper,2006-06-01,5.8.7
kubuntu,5.10breezy,2005-10-13,5.8.7
kubuntu,5.04hoary,2005-03-30,5.8.4
lfs,unstable,2022-04-15,5.34.1
lfs,11.1,2022-03-01,5.34.0
lfs,11.1-BLFS,2022-03-01,5.34.0
lfs,11.0,2021-09-02,5.34.0
lfs,10.1,2021-03-01,5.32.1
lfs,10.0,2020-09-02,5.32.0
lfs,9.1,2020-03-02,5.30.1
lfs,9.0,2019-09-01,5.30.0
lfs,8.4,2019-03-01,5.28.1
lfs,8.3,2018-09-02,5.28.0
lfs,8.2,2018-03-03,5.26.1
lfs,8.1,2017-09-01,5.26.0
lfs,7.10,2016-09-07,5.24.0
lfs,7.9,2016-03-08,5.22.1
lfs,7.8,2015-10-01,5.22.0
lfs,7.7,2015-03-06,5.20.2
lfs,7.6,2014-09-23,5.20.0
lfs,7.5,2014-03-02,5.18.2
lfs,7.4,2013-09-08,5.18.1
lfs,7.3,2013-03-02,5.16.2
lfs,7.2,2012-09-02,5.16.1
lfs,7.1,2012-03-02,5.14.2
lfs,7.0,2011-10-29,5.14.2
lfs,6.8,2011-03-05,5.12.3
lfs,6.7,2010-09-19,5.12.1
lfs,6.6,2010-03-01,5.10.1
lfs,6.5,2009-08-16,5.10.0
lfs,6.4,2008-11-23,5.10.0
lfs,6.3,2007-08-28,5.8.8
lfs,6.2,2006-08-03,5.8.8
lfs,6.0,2004-12-08,5.8.5
lfs,5.1,2004-05-16,5.8.4
lfs,5.0,2003-11-05,5.8.0
lfs,4.1,2003-04-28,5.8.0
lfs,4.0,2002-10-05,5.8.0
lfs,3.3,2002-04-07,5.6.1
lfs,3.2,2002-03-07,5.6.1
lfs,3.1,2001-12-03,5.6.1
lfs,3.0,2001-09-21,5.6.1
lfs,2.4,2000-08-28,5.6.0
lfs,2.2,2000-04-03,5.5.3
lfs,1.3,2000-02-11,5.5.3
linspire,11.5,2022-03-14," "
linspire,10-SP2,2021-09-02," "
linspire,9.5,2020-11-30," "
linspire,8,2019-01-02,5.26.1
linspire,7.0-sp1,2018-04-08,5.22.1
linspire,6.0,2007-10-10,5.8.8
linspire,5.1,2006-04-21,5.8.4
linspire,5.0,2005-03-16,5.8.4
linspire,4.5,2003-12-16,5.8.1
linspire,4.0,2003-06-24,5.6.1
linspire,3.0,2002-11-18,5.6.1
linuxfx,11.1.1108,2022-03-12,5.30.0
linuxfx,10.8.4,2021-07-16,5.30.0
linuxfx,9.4,2018-09-09,5.26.1
linuxfx,8.0.2,2017-07-06,5.22.1
linuxfx,7.4.2,2016-05-16,5.18.2
lite,6.0-rc1,2022-04-25,5.34.0
lite,5.8,2022-01-31,5.30.0
lite,4.8,2020-01-13,5.26.1
lite,3.8,2018-01-30,5.22.1
lite,2.8,2016-01-31,5.18.2
lite,1.0.8,2014-01-16,5.14.2
liveraizo,13.22.02.13,2022-02-13,5.32.1
liveraizo,12.21.09.05,2021-09-05,5.28.1
liveraizo,11.20.10.21,2020-10-24,5.28.1
liveraizo,10.19.09.11,2019-09-12,5.24.1
liveraizo,9.18.09.09,2018-09-10,5.24.1
liveraizo,8.17.08.30,2017-08-31,5.20.2
lliurex,21.07,2021-09-02,5.30.0
lliurex,19-20201125,2020-07-27,5.26.1
lliurex,16.06,2018-07-06,5.22.1
lliurex,15.05,2015-06-29,5.18.2
lliurex,13.06,2013-06-27,5.14.2
lliurex,12.06,2012-06-29,5.10.1
lliurex,11.09,2011-09-20,5.10.1
lliurex,10.09,2010-10-17,5.10.1
lliurex,9.09,2009-10-08,5.10.0
lliurex,8.09,2009-03-23,5.8.8
lliurex,5.09,2005-09-26,5.8.4
lliurex,5.05,2005-05-05,5.8.4
lockbox,1.0,2020-09-13,5.26.1
lubuntu,22.04jammy,2022-04-21,5.34.0
lubuntu,21.10impish,2021-10-14,5.32.1
lubuntu,21.04hirsute,2021-04-22,5.32.1
lubuntu,20.10groovy,2020-10-22,5.30.3
lubuntu,20.04focal,2020-04-23,5.30.0
lubuntu,19.10eoan,2019-10-17,5.28.1
lubuntu,19.04disco,2019-04-18,5.28.1
lubuntu,18.10cosmic,2018-10-18,5.26.2
lubuntu,18.04bionic,2018-04-26,5.26.1
lubuntu,17.10artful,2017-10-19,5.26.0
lubuntu,17.04zesty,2017-04-13,5.24.1
lubuntu,16.10yakkety,2016-10-13,5.22.2
lubuntu,16.04xenial,2016-04-21,5.22.1
lubuntu,15.10wily,2015-10-22,5.20.2
lubuntu,15.04vivid,2015-04-23,5.20.2
lubuntu,14.10utopic,2014-10-23,5.20.1
lubuntu,14.04trusty,2014-04-17,5.18.2
lubuntu,13.10saucy,2013-10-17,5.14.2
lubuntu,13.04raring,2013-04-25,5.14.2
lubuntu,12.10quantal,2012-10-18,5.14.2
lubuntu,12.04precise,2012-04-26,5.14.2
lubuntu,11.10oneiric,2011-10-13,5.12.4
lubuntu,11.04,2011-04-28,5.10.1
lubuntu,10.10,2010-10-10,5.10.1
lubuntu,10.04,2010-05-03,5.10.1
luninux,20.04,2020-05-02,5.30.0
luninux,17.04,2017-08-10,5.24.1
luninux,16.04,2016-05-02,5.22.1
luninux,15.10,2016-01-31,5.20.2
luninux,12.10,2012-12-10,5.14.2
luninux,12.00,2012-07-24,5.14.2
luninux,11.11,2011-12-27,5.12.4
mabox,22.04,2022-04-03,5.34.0
mabox,21.12,2021-12-22,5.34.0
mabox,20.10,2020-12-06,5.32.0
mageia,cauldron,2022-04-28,5.34.1
mageia,8,2021-02-26,5.32.1
mageia,7.1,2019-07-16,5.28.2
mageia,6,2017-07-16,5.22.3
mageia,5.1,2016-12-02,5.20.1
mageia,4.1,2014-06-20,5.18.1
mageia,3,2013-05-19,5.16.3
mageia,2,2012-05-22,5.14.2
mageia,1,2011-06-01,5.12.3
makulu,2021-12-17,2021-12-20,5.30.0
makulu,2020-08-16,2020-08-16,5.30.0
makulu,2019-08-05,2019-08-05,5.28.1
makulu,15,2018-10-12,5.26.2
makulu,14,2018-01-01,5.22.1
makulu,10,2015-11-29,5.18.2
makulu,7.0,2014-12-06,5.18.2
makulu,6.1,2014-06-01,5.18.2
makulu,5.0,2014-02-13,5.18.2
makulu,4.3,2013-11-28,5.18.1
manjaro,stable,2022-04-28,5.34.1
manjaro,21.2.6,2022-04-16,5.34.1
manjaro,20.2.1,2021-01-03,5.32.0
manjaro,19.0,2020-02-25,5.30.1
manjaro,18.1.0,2019-09-12,5.30.0
manjaro,17.1.12,2018-08-19,5.28.0
manjaro,16.10.3,2016-11-27,5.24.0
manjaro,15.12,2015-12-23,5.22.0
manjaro,0.8.11,2014-12-01,5.18.2
manjaro,0.8.8,2013-11-26,5.18.1
max,11.0,2021-07-20,5.30.0
max,10.0,2018-11-26,5.26.1
max,9.0,2017-02-07,5.22.1
max,8.0,2015-07-28,5.18.2
max,7.5,2014-05-22,5.14.2
max,7.0,2012-11-29,5.14.2
max,6.0.1,2011-05-05,5.10.1
max,5.0,2010-01-20,5.10.0
max,4.0,2009-12-27,5.8.8
max,3.0,2007-03-27,5.8.7
max,2.0,2006-01-30,5.8.7
max,1.2,2004-11-16,5.8.2
max,1.1,2004-05-27,5.8.2
midnightbsd,2.1.1,2021-10-01,5.32.0
midnightbsd,2.0,2020-11-13,5.32.0
midnightbsd,1.2,2019-10-31,5.28.0
midnightbsd,1.1,2019-02-04,5.28.0
midnightbsd,0.8,2016-08-14,5.18.2
midnightbsd,0.7,2015-09-20,5.20.0
midnightbsd,0.6,2015-04-26,5.18.2
midnightbsd,0.5,2014-09-22,5.18.2
midnightbsd,0.4,2013-07-05,5.14.2
midnightbsd,0.3,2011-01-30,5.14.2
midnightbsd,0.2.1,2008-08-31,5.12.2
midnightbsd,0.1.1,2007-11-09,5.10.0
mint,5-LMDEelsie,2022-03-20,5.32.1
mint,20.3uma,2022-01-06,5.30.0
mint,4-LMDEdebbie,2020-03-20,5.28.1
mint,19.3tricia,2019-12-18,5.26.1
mint,18.3sylvia,2017-11-27,5.22.1
mint,17.3rosa,2015-12-04,5.18.2
mint,16petra,2013-11-30,5.14.2
mint,15olivia,2013-05-29,5.14.2
mint,14nadia,2012-11-20,5.14.2
mint,13maya,2012-05-23,5.14.2
mint,12lisa,2011-11-26,5.12.4
mint,11katya,2011-05-26,5.10.1
mint,10julia,2010-11-12,5.10.1
mint,9isadora,2010-05-18,5.10.1
mint,8helena,2009-11-28,5.10.0
mint,7gloria,2009-05-26,5.10.0
mint,6felicia,2008-12-15,5.10.0
mint,5elyssa,2008-06-08,5.8.8
mint,4.0daryna,2007-11-15,5.8.8
mint,3.1celena,2007-09-24,5.8.8
mint,3.0cassandra,2007-05-30,5.8.8
mint,2.2bianca,2007-02-21,5.8.8
mint,2.1bea,2006-12-20,5.8.8
mint,2.0barbara,2006-11-14,5.8.8
mx,21.1wildflower,2022-04-10,5.32.1
mx,19.4,2021-04-01,5.28.1
mx,18.3,2019-05-27,5.24.1
mx,17.1,2018-03-14,5.24.1
mx,16.1,2017-06-08,5.20.2
navy,8.4,2021-08-02,5.24.4
neptune,7.0,2021-12-23,5.32.1
neptune,6.5,2020-07-08,5.28.1
neptune,5.6,2018-11-04,5.24.1
neptune,4.5.4,2017-04-06,5.14.2
netbsd,pkgsrc,2022-04-28,5.34.1
netbsd,9.2,2021-05-17,5.32.1
netbsd,8.2,2020-04-02,5.30.2
netbsd,7.2,2018-08-30,5.28.0
netbsd,6.1.5,2014-09-22,5.22.0
netbsd,5.1,2010-11-19,5.12.2
netbsd,5.0,2009-04-29,5.10.0
netbsd,4.0,2007-12-19,5.8.8
netbsd,3.1,2006-11-04,5.8.8
netbsd,3.0,2005-12-23,5.8.7
netbsd,2.1,2005-11-02,5.8.7
netbsd,2.0,2004-12-09,5.8.4
netbsd,1.6,2002-09-16,5.8.0
netrunner,21.01xoxo,2021-02-20,5.28.1
netrunner,20.01twenty,2020-02-23,5.28.1
netrunner,19.08indigo,2019-08-20,5.28.1
netrunner,19.01blackbird,2019-01-12,5.28.1
netrunner,18.03idolon,2018-03-11,5.26.1
netrunner,17.10voyager,2017-11-11,5.26.0
netrunner,16ozymandias,2015-05-17,5.20.2
netrunner,14.1frontier,2015-01-24,5.18.2
netrunner,13.12enigma2,2014-01-13,5.14.2
netrunner,13.06enigma,2013-07-05,5.14.2
netrunner,12.12.1dryland,2013-01-23,5.14.2
netrunner,4.2.1dryland,2012-09-05,5.14.2
netrunner,3.2chromatic,2011-06-29,5.10.1
netrunner,2.0blacklight,2010-07-15,5.10.1
nitrux,20220402,2022-04-02,5.34.0
nitrux,2021.12.27,2021-12-28,5.32.1
nitrux,2020.11.29,2020-11-29,5.32.0
nitrux,1.1.7,2019-06-01,5.26.1
nitrux,1.0.16-1,2018-09-29,5.26.2
nixos,unstable,2022-04-28,5.34.1
nixos,21.11porcupine,2021-11-30,5.34.0
nixos,21.05okapi,2021-06-02,5.32.1
nixos,20.09nightingale,2020-10-27,5.32.0
nixos,20.03markhor,2020-04-20,5.30.1
nixos,19.09loris,2019-10-09,5.30.0
nixos,19.03koi,2019-04-11,5.28.1
nixos,18.09jellyfish,2018-10-06,5.24.4
nixos,17.09hummingbird,2017-10-02,5.24.2
nixos,16.09flounder,2016-10-03,5.22.2
nixos,16.03emu,2016-04-01,5.22.1
nixos,15.09.1012dingo,2016-02-05,5.22.0
nixos,14.12.885caterpillar,2015-09-27,5.20.1
nixos,14.04.630baboon,2015-02-25,5.16.3
nixos,13.10.35728aardvark,2014-07-19,5.16.3
nomadbsd,130r-20210508,2021-05-11,5.32.1
nomadbsd,1.4,2021-03-03,5.32.1
nomadbsd,1.3.2,2020-07-06,5.30.3
nomadbsd,1.2,2019-04-21,5.28.1
nomadbsd,1.1,2018-07-07,5.26.2
nst,34-12783,2021-08-07,5.32.1
nst,32-11992,2020-06-07,5.30.3
nst,30-11210,2019-07-16,5.28.2
nst,28-10439,2018-08-24,5.26.2
nst,26-9267,2017-10-08,5.24.3
nst,24-7977,2016-07-03,5.22.2
nst,22-7334,2015-10-29,5.20.3
nst,20-5663,2014-02-20,5.18.2
nst,18-4509,2013-04-13,5.16.3
nst,2.16.0-4104,2012-09-03,5.14.2
nst,2.15.0,2011-08-10,5.12.4
nst,2.13.0,2010-10-07,5.10.1
nst,1.8.1,2009-01-09,5.8.8
nst,1.5.0,2007-02-13,5.8.8
nst,1.4.2,2006-08-17,5.8.6
nst,1.2.3,2005-09-06,5.8.3
nutyx,packages,2022-04-28,5.34.1
nutyx,22.04.6,2022-04-24,5.34.1
nutyx,20.12.1,2021-01-24,5.32.0
nutyx,11.6,2020-09-10,5.32.0
nutyx,10.6,2019-02-25,5.28.1
nutyx,9.1,2017-09-24,5.24.0
nutyx,8.2.1,2016-10-16,5.20.1
nutyx,14.11,2014-11-01,5.16.2
nutyx,Sekong.3,2013-07-17,5.12.3
nutyx,Pakxe,2011-06-02,5.12.1
nutyx,Attapu.1,2010-12-06,5.10.1
ob2d,2022,2022-04-10,5.32.1
ob2d,2019-1.0.6,2019-07-10,5.28.1
ob2d,2017-1.2,2017-07-23,5.24.1
ob2d,1.0.0,2015-01-24,5.20.2
ob2d,20091106(purekgb),2009-11-06,5.10.0
ob2d,20080919(purekgb),2008-09-19,5.10.0
ob2d,20071012(purekgb),2007-10-12,5.8.8
ob2d,20060119(purekde),2006-01-19,5.8.4
ob2d,20051212(puregnome),2005-12-12,5.8.4
ob2d,20050504(desktop),2005-05-04,5.8.4
obarun,2022.03.12,2022-03-12,5.34.0
obarun,2021.09.01,2021-09-01,5.34.0
obarun,2020.07.01,2020-07-10,5.32.0
obarun,2019.11.02,2019-11-04,5.30.0
obarun,2018.10,2018-10-01,5.28.0
omarine,8.1,2021-09-08,5.34.0
omarine,7.0,2020-07-21,5.30.2
omarine,6.2,2019-09-14,5.28.0
omarine,5.3,2018-11-14,5.28.0
omoikane,3.0,2022-02-07," "
omoikane,2.2,2003-06-25,5.8.0
omoikane,2.1,2002-08-31,5.6.1
omoikane,2.0,2001-12-15,5.6.1
omoikane,1.2,2001-05-20,5.005_03
openbsd,7.1,2022-04-21,5.32.1
openbsd,7.0,2021-10-14,5.32.1
openbsd,6.9,2021-05-01,5.32.1
openbsd,6.8,2020-10-18,5.30.3
openbsd,6.7,2020-05-19,5.30.2
openbsd,6.6,2019-10-17,5.28.1
openbsd,6.5,2019-04-24,5.28.1
openbsd,6.4,2018-10-18,5.24.3
openbsd,6.3,2018-04-02,5.24.3
openbsd,6.2,2017-10-09,5.24.2
openbsd,6.1,2017-04-11,5.24.1
openbsd,6.0,2016-09-01,5.20.3
openbsd,5.9,2016-03-29,5.20.2
openbsd,5.8,2015-10-18,5.20.2
openbsd,5.7,2015-04-30,5.20.1
openbsd,5.6,2014-11-01,5.18.2
openbsd,5.5,2014-05-01,5.16.3
openbsd,5.4,2013-11-01,5.16.3
openbsd,5.3,2013-05-01,5.12.2
openbsd,5.2,2012-11-01,5.12.2
openbsd,5.1,2012-05-01,5.12.2
openbsd,5.0,2011-11-01,5.12.2
openbsd,4.9,2011-05-01,5.12.2
openbsd,4.8,2010-11-01,5.10.1
openbsd,4.7,2010-05-19,5.10.1
openbsd,4.6,2009-10-18,5.10.0
openbsd,4.5,2009-05-01,5.10.0
openbsd,4.4,2008-11-01,5.8.8
openbsd,4.3,2008-05-01,5.8.8
openbsd,4.2,2007-11-01,5.8.8
openbsd,4.1,2007-05-01,5.8.8
openbsd,4.0,2006-11-01,5.8.8
openbsd,3.9,2006-05-01,5.8.6
openbsd,3.8,2005-11-01,5.8.6
openbsd,3.7,2005-05-19,5.8.6
openbsd,3.6,2004-10-29,5.8.5
openbsd,3.5,2004-05-01,5.8.2
openbsd,3.4,2003-11-01,5.8.0
openbsd,3.3,2003-05-01,5.8.0
openbsd,3.2,2002-11-01,5.6.1
openbsd,3.1,2002-05-19,5.6.1
openbsd,3.0,2001-12-01,5.6.1
openbsd,2.9,2000-12-01,5.6.0
openbsd,2.8,2000-12-01,5.6.0
openbsd,2.7,2000-06-15,5.6.0
openbsd,2.6,1999-12-01,--
openindiana,2021.10,2021-12-05,5.24.3
openindiana,2021.04,2021-05-01,5.24.3
openindiana,2020.10,2020-11-01,5.24.3
openindiana,2020.04,2020-05-05,5.24.3
openindiana,2019.10,2019-11-07,5.24.3
openindiana,2019.04,2019-05-12,5.24.3
openindiana,2018.10,2018-10-24,5.24.3
openindiana,2018.04,2018-04-28,5.24.3
openindiana,2017.10,2017-10-31,5.24.0
openindiana,2017.04,2017-05-03,5.22.2
openindiana,2016.10,2016-10-31,5.22.1
openindiana,2016.04,2016-04-21,5.22.1
openindiana,2015.10,2015-10-04,5.22.0
openindiana,2015.03,2015-03-31,5.16.3
openmamba,20220423,2022-04-23,5.24.4
openmamba,20200717,2020-07-17,5.24.0
openmamba,20190701,2019-07-01,5.24.0
openmamba,3-20151219,2015-12-20,5.16.3
openmamba,2.0.12,2013-08-25,5.10.1
openmamba,2.0.10.1,2012-07-22,5.10.1
openmamba,1.1,2009-08-04,5.8.8
openmamba,1.0,2008-08-01,5.8.8
openmandriva,4.3,2022-02-06,5.34.0
openmandriva,4.2,2021-02-13,5.32.1
openmandriva,4.1,2020-02-01,5.30.1
openmandriva,4.0,2019-06-16,5.28.2
openmandriva,3.03,2017-11-21,5.20.3
openmandriva,2014.2,2015-06-29,5.16.3
openmandriva,2013.0,2013-11-22,5.16.3
openmediavault,6.0.24,2022-04-26,5.32.1
openmediavault,5.6.13,2021-08-26,5.28.1
openmediavault,4.1.22,2019-05-17,5.24.1
openmediavault,3.0.94,2017-12-02,5.20.2
openmediavault,2.1,2015-06-29,5.14.2
openmediavault,1.0.20,2014-09-15,5.14.2
openmediavault,0.5.48,2014-05-20,5.10.1
opensuse,tumbleweed,2022-04-28,5.34.0
opensuse,15.3,2021-06-02,5.26.1
opensuse,15,2018-05-25,5.26.1
opensuse,42.3,2017-07-26,5.18.2
opensuse,42.2,2016-11-16,5.18.2
opensuse,42.1,2015-11-04,5.18.2
opensuse,13.2,2014-11-04,5.20.1
opensuse,13.1,2013-11-19,5.18.1
opensuse,12.3,2013-03-13,5.16.2
opensuse,12.2,2012-09-05,5.16.0
opensuse,12.1,2011-11-16,5.14.2
opensuse,11.4,2011-03-10,5.12.3
opensuse,11.3,2010-07-15,5.12.1
opensuse,11.2,2009-11-12,5.10.0
opensuse,11.1,2008-12-18,5.10.0
opensuse,11.0,2008-06-19,5.10.0
opensuse,10.3,2007-10-04,5.8.8
opensuse,10.2,2006-12-07,5.8.8
opensuse,10.1,2006-05-11,5.8.8
opensuse,10.0,2005-10-06,5.8.7
opensuse,9.3,2005-04-15,5.8.6
opensuse,9.2,2004-10-25,5.8.5
opensuse,9.1,2004-04-23,5.8.3
opensuse,9.0,2003-10-15,5.8.1
opensuse,8.2,2003-04-07,5.8.0
opensuse,8.1,2002-09-30,5.8.0
opensuse,8.0,2002-04-22,5.6.1
opensuse,7.3,2001-10-13,5.6.1
opensuse,7.2,2001-06-15,5.6.0
opensuse,7.1,2001-01-24,5.6.0
opensuse,7.0,2000-09-27,5.5.3
opensuse,6.4,2000-03-09,5.5.3
opensuse,6.3,1999-11-05,5.5.3
opensuse,6.2,1999-08-12,5.5.3
opensuse,6.1,1999-04-07,5.5.2
opensuse,6.0,1998-12-21,5.5.2
opensuse,5.3,1998-09-10,5.4.4
opensuse,5.2,1998-03-23,5.4.4
oracle,8.5,2021-11-17,5.26.3
oracle,7.9,2020-10-07,5.16.3
oracle,6.9,2017-03-28,5.10.1
oracle,5.11,2014-09-25,5.8.8
oracle,4.8,2009-06-02,5.8.5
osgeo,14.0,2021-05-22,5.30.0
osgeo,13.0,2019-09-05,5.26.1
osgeo,12.0,2018-09-04,5.26.1
osgeo,11.0,2017-08-09,5.22.1
osgeo,10.5,2017-04-05,5.22.1
osmc,2022.03-1,2022-03-14,5.28.1
osmc,2021.12-1,2021-12-25,5.28.1
osmc,2020.11-1,2020-12-27,5.28.1
osmc,2019.11-1,2019-11-20,5.24.1
osmc,2018.12-1,2019-01-07,5.24.1
osmc,2017.12-1,2018-01-10,5.24.1
osmc,2016.12-1,2016-12-25,5.14.2
osmc,2014-06-13,2014-06-13,5.14.2
ovios,3.11,2021-06-01,5.22.1
ovios,2.31,2017-12-28,5.22.1
pakos,2021-05-22,2021-05-22,5.28.1
pakos,2020-08-24,2020-08-24,5.28.1
paldo,stable,2022-04-29,5.34.0
paldo,1.22,2010-05-21,5.10.1
parabola,2021.08.11,2021-08-11,5.34.0
parabola,2020.01.18,2020-01-18,5.30.1
parabola,2019.03.11,2019-03-18,5.28.1
parabola,2018.12.22,2018-12-23,5.28.1
parabola,2017.11.05,2017-11-05,5.26.1
parabola,2016.11.03,2016-11-03,5.24.0
parabola,2015.05.01,2015-05-01,5.20.2
parabola,2013.09.01,2013-09-11,5.18.1
parabola,2012.10.17,2012-10-17,5.16.1
parabola,2011.09.01,2011-09-01,5.14.1
pardus,21.2,2022-03-29,5.32.1
pardus,19.5,2021-03-03,5.28.1
pardus,17.5,2019-03-04,5.24.1
pardus,2013,2013-04-12,5.14.2
pardus,2011.2,2011-09-19,5.12.2
pardus,2011,2011-01-20,5.12.2
pardus,2009.2,2010-06-03,5.10.1
pardus,2009,2009-07-18,5.10.0
pardus,2008.2,2009-01-30,5.10.0
pardus,2008,2008-06-27,5.10.0
pardus,2007.3,2007-11-19,5.8.8
pardus,2007,2006-12-18,5.8.8
pardus,1.0,2005-12-27,5.8.7
parrot,5.0,2022-03-26,5.32.1
parrot,4.11.1,2021-04-14,5.32.1
parrot,4.7,2019-09-19,5.28.1
parrot,3.11,2018-01-28,5.26.1
parrot,3.7,2017-07-11,5.24.1
parrot,3.0.1,2016-06-18,5.22.2
parrot,2.2.1,2016-05-16,5.20.2
partedmagic,2022_03_28,2022-03-28,5.34.0
partedmagic,2021_11_17,2021-11-17,5.34.0
partedmagic,2020_12_25,2020-12-25,5.32.0
partedmagic,2019_12_24,2019-12-24,5.22.2
partedmagic,2018_10_12,2018-10-12,5.22.2
partedmagic,2017_09_05,2017-09-05,5.22.2
partedmagic,2016_10_18,2016-10-18,5.22.2
partedmagic,2015_11_13,2015-11-13,5.18.1
partedmagic,2014_11_19,2014-11-19,5.18.1
partedmagic,2013_11_11,2013-11-11,5.16.1
partedmagic,2012_12_25,2012-12-25,5.16.1
partedmagic,2011_12_30,2011-12-30,5.12.1
partedmagic,6.7,2011-10-02,5.12.1
partedmagic,5.10,2011-02-16,5.12.1
partedmagic,4.11,2010-06-14,5.10.1
partedmagic,4.0,2009-04-04,--
partedmagic,3.7,2009-02-25,--
partedmagic,3.0,2008-07-25,--
partedmagic,2.2,2008-05-07,--
partedmagic,1.9,2007-10-26,--
pclinuxos,apt,2022-04-28,5.22.3
pclinuxos,2022.04.20,2022-04-20,5.22.3
pclinuxos,2021.11,2021-11-05,5.22.3
pclinuxos,2020.1015,2020-10-14,5.22.3
pclinuxos,2019.12,2019-12-16,5.22.3
pclinuxos,2018.06,2018-06-06,5.22.3
pclinuxos,2017.11,2017-11-12,5.22.3
pclinuxos,2016.03,2016-03-07,5.12.3
pclinuxos,2014.12,2014-12-24,5.10.1
pclinuxos,2013.10,2013-10-11,5.10.1
pclinuxos,2012.08,2012-08-22,5.10.1
pclinuxos,2011.09,2011-09-24,5.10.1
pclinuxos,2010.12,2010-12-17,5.10.1
pclinuxos,2010.07,2010-07-08,5.10.1
pclinuxos,2010.1,2010-05-05,5.10.1
pclinuxos,2009.2,2009-06-30,5.10.0
pclinuxos,2009.1,2009-03-11,5.8.8
pclinuxos,2007,2007-05-21,5.8.5
pclinuxos,0.92,2006-08-21,5.8.5
pclinuxos,0.91,2005-11-21,5.8.5
pearl,9qanon+,2020-04-14,5.30.0
pearl,8qanon,2019-05-06,5.28.1
pearl,7.1rolltide,2018-09-18,5.26.1
pearl,5.0elle,2016-12-26,5.22.1
pearl,4.0neeko,2016-07-17,5.22.1
pentoo,daily,2022-02-07,--
pentoo,2019.1,2019-04-25,5.26.2
pentoo,2009.0,2009-12-04,5.8.8
pentoo,2006.1,2006-07-05,5.8.7
pentoo,2006.0,2006-02-02,5.8.6
pentoo,2005.1,2005-06-22,5.8.5
peppermint,2022-02-02,2022-02-02,5.32.1
peppermint,1020191210,2019-12-18,5.26.1
peppermint,920190102,2019-01-02,5.26.1
peppermint,820180203,2018-02-05,5.22.1
peppermint,720161201,2016-12-01,5.22.1
peppermint,620150904,2015-09-06,5.18.2
peppermint,520140623,2014-06-23,5.18.2
peppermint,420131113,2013-11-28,5.14.2
peppermint,320121105,2012-11-12,5.14.2
peppermint,206052011,2011-06-10,5.10.1
peppermint,101042011,2011-01-05,5.10.1
photonos,4.0,2021-03-05,5.30.1
photonos,3.0,2019-02-07,5.28.0
photonos,2.0,2017-10-31,5.24.1
photonos,1.0,2016-06-16,5.22.1
pisi,2.2.1,2021-08-22,5.32.0
pisi,2.1.2,2019-12-09,5.26.1
pisi,2.0,2018-04-26,5.24.0
pisi,1.2,2015-06-29,5.20.0
pisi,1.1,2014-11-04,5.20.0
plamo,7.3,2021-05-06,5.30.0
plamo,7.2,2020-05-13,5.30.0
plamo,7.1,2019-05-15,5.26.2
plamo,7.0,2018-06-13,5.26.2
plamo,6.2,2017-03-24,5.14.2
plamo,6.1,2016-02-26,5.14.2
plamo,6.0,2015-10-22,5.14.2
plamo,5.3.1,2015-02-02,5.14.2
plamo,5.0,2012-12-29,5.14.2
plamo,4.7,2009-10-02,5.8.8
plamo,4.6,2009-02-25,5.8.8
plamo,4.5,2008-10-17,5.8.8
plamo,3.2,2003-07-13,5.6.1
plamo,3.1,2003-05-19,5.6.1
plamo,3.0,2002-09-23,5.6.1
pld,3.0th,2022-02-07,5.26.2
pld,2.0ac,2007-04-01,5.8.8
pld,1.0ra,2002-11-19,--
plop,22.1,2022-02-12,5.34.0
plop,21.3,2021-07-29,5.34.0
plop,20.1,2020-09-27,5.32.0
plop,19.4,2019-10-01,5.30.0
plop,4.3.4,2018-03-08,5.24.3
plop,4.2.2,2012-04-19,5.14.1
plop,4.1.2,2011-08-09,5.10.0
plop,4.0.5,2010-04-10,5.10.0
plop,3.8.3,2009-08-02,5.10.0
popos,22.04,2022-04-25,5.34.0
popos,21.10,2021-12-14,5.32.1
popos,21.04,2021-06-29,5.32.1
popos,20.10,2020-10-23,5.30.3
popos,20.04,2020-04-30,5.30.0
popos,19.10,2019-10-19,5.28.1
popos,19.04,2019-04-20,5.28.1
popos,18.10,2018-10-19,5.26.2
popos,18.04,2018-04-30,5.26.1
popos,17.10,2017-10-18,5.26.0
porteus,5.0-rc2,2020-08-09,5.32.0
porteus,4.0,2018-04-30,5.26.1
porteus,3.2.2,2016-12-29,5.22.2
porteus,3.1,2014-12-09,5.18.1
porteus,3.0.1,2014-08-05,5.18.1
porteus,2.1,2013-08-09,5.16.3
porteus,2.0,2013-02-20,5.16.1
porteus,1.2,2012-07-04,5.14.0
porteus,1.1,2012-01-08,5.12.3
porteus,1.0,2011-06-23,5.12.3
porteuskiosk,5.4.0,2022-03-28,5.34.0
porteuskiosk,4.9.0,2019-09-16,5.28.2
porteuskiosk,4.7.0,2018-06-18,5.24.3
porteuskiosk,4.5.0,2017-09-04,5.24.1
porteuskiosk,4.2.0,2016-12-05,5.22.2
porteuskiosk,3.7.0,2016-02-29,5.20.2
porteuskiosk,3.6.0,2015-11-30,5.20.2
porteuskiosk,3.2.0,2014-12-08,--
postmarketos,21.12,2021-12-29,--
primtux,7,2021-11-04,5.30.0
primtux,6,2020-11-14,5.30.0
primtux,5,2019-10-23,5.26.1
primtux,4,2018-10-26,5.24.1
primtux,3,2017-11-03,5.24.1
primtux,2,2016-10-29,5.20.2
primtux,eiffel,2016-04-02,5.20.2
proxmox,7.1,2021-11-17,5.32.1
proxmox,6.4,2021-03-30,5.28.1
proxmox,5.4,2019-04-11,5.24.1
proxmox,4.4,2016-12-13,5.20.2
proxmox,3.3,2014-09-15,5.14.2
proxmox,2.3,2013-03-04,5.10.1
puppy,9.5fossapup,2020-09-17,5.30.0
puppy,8.0bionicpup,2019-03-25,5.26.1
puppy,7.5xenialpup,2017-12-05,5.22.1
puppy,6.3.2slacko,2016-06-21,5.18.1
puppy,6.0tahrpup,2014-10-28,5.18.2
puppy,5.7slacko,2014-03-12,5.16.3
puppy,5.6.1precise,2013-05-29,5.14.2
puppy,5.5slacko,2013-03-06,5.16.1
puppy,5.4slacko,2012-12-02,5.16.1
puppy,5.2.8wary,2011-08-19,5.10.1
puppy,5.1.1wary,2010-09-06,5.10.1
puppy,5.0.1wary,2010-05-25,5.10.1
puppy,4.3,2009-10-17,5.8.8
puppy,4.2.1,2009-05-22,5.8.8
puppy,4.1.2,2008-12-08,5.8.8
puppy,4.00,2008-05-05,5.8.8
puppy,3.01,2007-10-15,5.8.8
puppy,2.17.1,2007-08-04,5.8.8
puppy,2.02,2006-07-29,5.8.6
puppy,1.0.9,2006-05-15,5.8.0
pureos,10.0,2021-10-05,5.32.1
pureos,9.0,2019-09-26,5.28.1
pureos,8.0,2019-08-30,5.28.1
pureos,7.0,2013-03-03,5.14.2
pureos,6.0,2012-09-09,5.14.2
pureos,5.0,2012-06-24,5.14.2
pureos,4.0,2011-08-04,5.12.4
pureos,3.0,2011-02-13,5.10.1
pureos,2.0,2010-03-29,5.10.1
pureos,1.1,2009-01-15,5.10.0
q4os,4.8,2022-04-05,5.32.1
q4os,3.15,2021-06-29,5.28.1
q4os,2.7,2018-12-30,5.24.1
q4os,1.8.8,2017-09-14,5.20.2
q4os,0.5.29,2015-03-27,5.14.2
qubes,4.1.0,2022-02-04,5.30.3
qubes,3.2.1,2018-11-13,5.22.2
qubes,2,2014-09-26,5.18.2
qubes,1.0,2012-09-03,5.10.1
raspios,2022-04-04,2022-04-07,5.32.1
raspios,2020-12-02,2020-12-04,5.28.1
raspios,2019-04-08,2019-04-09,5.24.1
raspios,2018-11-13,2018-11-15,5.24.1
raspios,2017-07-05,2017-07-05,5.20.2
raspios,2015-02-16,2015-02-16,5.14.2
rds,18.0,2022-04-26,--
rds,17.0,2021-12-30,5.28.1
rds,13.0,2020-02-12,5.28.1
rds,12.1,2019-08-20,5.28.1
rds,11.2,2018-04-11,5.24.1
rds,9.0,2017-05-08,5.20.2
reactos,0.4.14,2021-12-18,--
reactos,0.3.17,2014-11-05,--
rebeccablackos,2021-08-30,2020-08-30," "
rebeccablackos,2020-05-19,2020-05-20,5.28.1
rebeccablackos,2019-10-05,2019-10-05,5.28.1
rebeccablackos,2018-08-13,2018-08-21,5.24.1
rebeccablackos,2016-02-08,2016-02-09,5.22.1
rebornos,2022.04.10,2022-04-11,5.34.1
rebornos,2021.10.18,2021-10-18,5.34.0
rebornos,2020.12.27,2020-12-27,5.32.0
redcore,2102polaris,2021-10-20,5.34.0
redcore,2004neptune,2020-05-24,5.30.2
redcore,1908mira,2019-08-18,5.30.0
redcore,1812luna,2019-02-07,5.26.2
redcore,1806,2018-07-01,5.24.3
redcore,1710,2017-11-07,5.24.3
redhat,RHEL-8.4,2021-05-21,5.24.4
redhat,RHEL-7.9,2020-09-18,5.16.3
redhat,RHEL-6.9,2017-03-21,5.10.1
redhat,RHEL-5.11,2014-09-16,5.8.8
redhat,RHEL-4.8,2009-05-19,5.8.5
redhat,RHEL-3.9,2007-05-30,5.8.0
redhat,RHEL-2.1,2002-03-26,5.6.0
redhat,9shrike,2003-03-31,5.8.0
redhat,8.0psyche,2002-09-30,5.8.0
redhat,7.3valhalla,2002-05-06,5.6.1
redhat,7.2enigma,2001-10-22,5.6.0
redhat,7.1seawolf,2001-04-16,5.6.0
redhat,7.0guiness,2000-08-30,5.6.0
redhat,6.2zoot,2000-03-08,5.5.3
redhat,6.1cartman,1999-09-27,5.5.3
redhat,6.0hedwig,1999-04-19,5.5.3
redhat,5.2apollo,1998-10-14,5.4.4
redhat,5.1manhattan,1998-05-11,5.4.0
redhat,5.0hurricane,1997-11-10,5.4.0
redhat,4.2biltmore,1997-04-23,5.003
redo,4.0.0,2021-10-09,5.32.1
redo,3.0.2,2020-10-24,5.28.1
redo,2.0.7,2020-10-13,5.24.1
redo,1.0.4,2012-11-20,5.14.2
redo,1.0.3,2012-05-15,5.10.1
refracta,10.2-20201114,2020-11-14,5.28.1
refracta,9.0-20190206,2019-02-08,5.24.1
refracta,8.3-20170305,2017-03-05,5.20.2
regata,21.0.45,2022-03-23,5.26.1
regata,21.0.22,2021-12-19,5.26.1
regata,20.1.28,2021-05-25,5.26.1
remnux,7,2020-07-22,5.26.1
remnux,6.0,2015-06-08,5.18.2
remnux,5.0,2014-05-22,5.12.4
remnux,4.0,2013-04-06,5.12.4
rescatux,0.74,2021-11-14,5.28.1
rescatux,0.30.2,2012-11-20,5.10.1
rescuezilla,2.3,2021-12-24,5.32.1
rescuezilla,1.0.6.1,2020-06-26,5.30.0
rescuezilla,1.0.5.1,2020-03-24,5.26.1
robolinux,12.04,2022-03-11,5.30.0
robolinux,11.14,2020-10-28,5.26.1
robolinux,10.10,2020-04-17,5.26.1
robolinux,9.7,2019-07-23,5.22.1
robolinux,8.11,2018-10-11,5.20.2
robolinux,8.8.1,2017-06-10,5.20.2
robolinux,7.9.2,2016-06-16,5.14.2
rockscluster,7.0manzanita,2017-12-02,5.16.3
rockscluster,6.2sidewinder,2015-05-11,5.10.1
rockscluster,5.5mamba,2012-05-10,5.8.8
rockscluster,4.3marshill,2007-07-06,5.8.5
rockscluster,3.3.0makalu,2004-10-19,5.8.0
rockstor,4.1.0,2022-01-14,5.26.1
rockstor,3.9.2-9,2017-12-27,5.16.3
rocky,8.5,2021-11-15,5.24.4
rosa,12,2021-10-20,5.30.3
rosa,R11,2019-03-15,5.20.3
rosa,R10,2017-12-06,5.20.3
rosa,R9,2017-04-19,5.20.3
rosa,R8,2016-08-02,5.18.2
rosa,R7,2016-01-25,5.18.2
rosa,R6,2015-07-25,5.18.2
rosa,R5,2014-12-25,5.18.2
rosa,R4,2014-10-08,5.18.2
rosa,2012-R1,2013-06-06,5.14.2
rosa,2011,2011-12-21,5.12.3
rss,15.0,2022-01-05,5.28.1
rss,13.0,2020-01-12,5.28.1
rss,12.0,2019-08-09,5.28.1
rss,11.0,2018-04-08,5.24.1
rss,9.0,2017-08-27,5.20.2
rss,8.0,2017-06-22,5.20.2
runtu,22.04-alpha,2022-03-31,5.34.0
runtu,20.04.1,2020-10-04,5.30.0
runtu,18.04.3,2019-08-19,5.26.1
runtu,16.04.3,2017-08-07,5.22.1
runtu,14.04.2,2015-03-10,5.18.2
runtu,12.04,2012-07-19,5.14.2
runtu,10.04,2010-09-20,5.10.1
runtu,3.0,2008-10-01,5.8.8
salient,21.06,2021-06-07,5.34.0
salix,15.0-alpha2,2022-04-16,5.34.0
salix,14.2.1,2017-04-11,5.22.2
salix,14.1,2014-03-04,5.18.1
salix,14.0.1,2013-07-17,5.16.3
salix,13.37,2011-05-12,5.12.3
salix,13.1,2010-06-04,5.10.1
salix,13.0.2,2009-12-23,5.10.0
scientific,7.9,2020-10-21,5.16.3
scientific,6.10,2018-07-10,5.10.1
scientific,5.11,2014-11-13,5.8.8
scientific,4.8,2009-07-21,5.8.5
scientific,3.0.9,2007-11-18,5.8.0
selks,7,2022-04-06,5.32.1
selks,6.0,2020-06-16,5.28.1
selks,4.0,2017-08-22,5.24.1
selks,3.0,2016-08-12,5.20.2
selks,1.0,2014-10-16,5.14.2
septor,2022,2022-01-01,5.32.1
septor,2021.5,2021-11-13,5.32.1
septor,2020.5,2020-08-26,5.28.1
sharklinux,5.4.0,2021-05-13,5.30.0
sharklinux,4.15.0,2018-07-02,5.22.1
siduction,21.3.0wintersky,2021-12-23,5.32.1
siduction,18.3.0patience,2018-05-14,5.26.2
siduction,17.1.0patience,2017-03-06,5.24.1
siduction,16.1.0patience,2016-12-24,5.24.1rc4
siduction,15.1.0-devpaintitblack,2015-12-31,5.22.1
siduction,14.1.0indiansummer,2014-11-24,5.20.1
siduction,13.2.0december,2013-12-31,5.18.1
siduction,13.1.0firestarter,2013-05-22,5.14.2
siduction,12.2.0riders,2012-12-10,5.14.2
siduction,12.1.1desperado,2012-06-24,5.14.2
siduction,11.1onestep,2011-12-30,5.14.2
simplicity,20.4,2020-04-30,5.28.1
simplicity,16.07,2016-07-31,5.18.1
simplicity,15.10,2015-10-26,5.18.2
simplicity,14.10,2014-10-31,5.18.1
simplicity,13.10,2013-10-17,5.14.2
skolelinux,11.2.0,2021-12-18,5.32.1
skolelinux,10.4.0,2020-05-10,5.28.1
skolelinux,9,2017-06-18,5.24.1
skolelinux,8,2016-07-02,5.20.2
skolelinux,7.1,2013-09-28,5.14.2
skolelinux,6.0.7,2013-03-04,5.10.1
skolelinux,5.0.6,2010-10-05,5.10.0
skolelinux,3.0,2007-07-22,5.8.8
skolelinux,2.0,2006-03-15,5.8.4
skolelinux,1.0,2004-06-20,5.6.1
slackel,7.5,2022-01-01,5.34.0
slackel,7.4,2020-12-31,5.32.0
slackel,7.1,2018-12-30,5.28.1
slackel,7.0,2017-05-01,5.24.0
slackel,6.0.8,2016-11-19,5.22.2
slackel,5.0,2013-10-16,5.18.1
slackware,current,2022-04-28,5.34.1
slackware,15.0,2022-02-03,5.34.0
slackware,14.2,2016-07-01,5.22.2
slackware,14.1,2013-11-07,5.18.1
slackware,14.0,2012-09-28,5.16.1
slackware,13.37,2011-04-28,5.12.3
slackware,13.1,2010-05-24,5.10.1
slackware,13.0,2009-08-28,5.10.0
slackware,12.2,2008-12-11,5.10.0
slackware,12.1,2008-05-02,5.8.8
slackware,12.0,2007-07-02,5.8.8
slackware,11.0,2006-10-02,5.8.8
slackware,10.2,2005-09-14,5.8.7
slackware,10.1,2005-02-07,5.8.6
slackware,10.0,2004-06-23,5.8.4
slackware,9.1,2003-09-26,5.8.0
slackware,9.0,2003-03-18,5.8.0
slackware,8.1,2002-06-18,5.6.1
slackware,8.0,2001-07-01,5.6.1
slackware,7.1,2000-06-22,5.6.0
slackware,7.0,1999-10-25,5.5.3
slackware,4.0,1999-05-17,5.5.3
slackware,3.9,1999-05-10,5.5.3
slackware,3.6,1998-10-28,5.5.2
slackware,3.5,1998-06-09,5.4.4
slackware,3.4,1997-10-14,5.4.3
slackware,3.3,1997-07-11,5.4.3
slackware,3.2,1997-04-20,5.3
slackware,3.1,1996-07-24,5.3
slackware,3.0,1995-08-24,5.1
slackware,2.3,1995-05-24,4.0pl36
slackware,2.2.0,1995-03-30,4.0pl36
slackware,2.0.1,1994-09-24,4.0pl36
slax,11.3.0,2022-03-27,5.32.1
slax,9.11.0,2019-09-14,5.24.1
slax,7.0.8,2013-03-16,--
slax,6.1.2,2009-08-04,5.10.0
slax,5.1.8.1,2006-11-25,5.8.8
slax,5.0.8,2006-03-23,5.8.7
slax,4.2.0,2004-10-22,--
slax,4.1.4,2004-08-30,--
slax,3.0.25,2004-01-06,--
slax,2.9.0.22,2003-09-22,--
sle,15-SP3,2021-06-18,5.26.1
sle,12-SP5,2019-12-20,5.18.2
sle,11-SP3,2013-07-08,5.10.0
sle,10-SP3,2009-10-20,5.8.8
sle,9,2004-11-08,5.8.3
slitaz,cooking,2022-04-28,5.14.1
slitaz,4.0,2012-04-10,--
slitaz,3.0,2010-03-29,--
slitaz,2.0,2009-04-16,5.10.0
slitaz,1.0,2008-03-23,--
smeserver,10.0,2021-03-23,5.16.3
smeserver,9.2,2017-05-02,5.10.1
smeserver,8.2,2015-11-03,5.8.8
smeserver,7.6,2012-05-27,5.8.5
smeserver,6.0.1,2004-03-18,5.6.1
smeserver,5.6,2003-01-15,5.6.1
smeserver,4.1.2,2001-03-30,5.6.0
snal,1.17,2022-04-22,5.34.1
snal,1.11,2021-11-24,5.34.0
snal,1.1,2020-11-28,5.32.0
solaris,11.4,2018-08-28," "
solaris,11,2011-11-09,5.12.3
solaris,10,2005-01-31,5.8.4
solus,4.3,2021-07-11,5.32.1
solus,4.1,2020-01-25,5.30.1
solus,4.0,2019-03-17,5.28.1
solus,3.9999,2018-09-20,5.26.2
solus,3,2017-08-15,5.24.1
solus,2017.04.18.0,2017-04-18,5.24.1
solus,1.2.1,2016-10-19,5.22.1
solydxk,10.4,2020-07-06,5.28.1
solydxk,201902,2019-03-03,5.24.1
solydxk,9,2017-07-16,5.24.1
solydxk,201701,2017-01-24,5.20.2
solydxk,201606,2016-06-27,5.20.2
solydxk,201411,2014-11-18,5.18.2
solydxk,201311,2013-11-26,5.18.1
sourcemage,grimoiretest,2022-04-28,5.34.1
sourcemage,grimoirestable,2022-04-28,5.20.2
sourcemage,0.10.0,2009-06-05,5.10.0
sourcemage,0.9.6,2006-03-13,5.8.6
sourcemage,0.8,2003-12-19,5.8.1
sourcemage,0.7,2003-09-27,5.8.0
sourcemage,0.6,2003-06-16,5.8.0
sourcemage,0.5,2003-03-16,5.8.0
sparky,2022.04,2022-04-16,5.34.0
sparky,6.2,2022-02-09,5.32.1
sparky,5.16,2022-01-14,5.32.1
sparky,4.13,2020-10-04,5.24.1
sparky,4.5.2,2016-12-23,5.24.1
sparky,3.5,2014-09-06,5.20.0
sparky,3.1,2013-09-29,5.18.1
sparky,2.1,2013-03-19,5.14.2
sparky,2.0.1,2012-12-18,5.14.2
springdale,8.4,2021-06-03,5.26.3
springdale,7.9,2020-10-18,5.16.3
springdale,6.8,2017-03-01,5.10.1
star,3.1.0spock,2021-03-30,5.28.1
star,2.1.0kirk,2019-11-04,5.24.1
star,1.0.2morbius,2017-11-05,5.20.2
steamos,2.195,2019-07-17,5.20.2
steamos,2.148,2018-01-23,5.20.2
steamos,2.117,2017-08-02,5.20.2
supergamer,6,2020-06-10,5.30.0
supergamer,5,2020-01-10,5.28.1
supergamer,16.04,2018-04-08,5.22.1
supergamer,Supreme-2.5,2011-03-13,5.8.8
supergamer,VL2,2008-05-04,5.8.8
swift,19.4.0,2021-05-09,5.28.1
swift,16,2017-01-28,5.20.2
swift,0.2.0,2012-04-23,5.14.2
swift,0.1.2,2011-08-21,5.10.1
syslinuxos,11.3,2022-04-18,5.32.1
systemrescue,9.02,2022-04-09,5.34.1
systemrescue,8.07,2021-12-19,5.34.0
systemrescue,7.01,2020-11-22,5.32.0
systemrescue,6.1.8,2020-09-23,5.32.0
systemrescue,5.3.2,2018-11-15,5.24.3
systemrescue,5.1.2,2017-11-05,5.24.3
systemrescue,4.9.0,2016-10-30,5.22.2
systemrescue,4.6.1,2015-10-29,5.20.2
systemrescue,4.4.1,2014-11-17,5.18.2
systemrescue,3.8.1,2013-10-28,5.12.4
systemrescue,3.1.2,2012-12-06,5.12.4
systemrescue,2.8.0,2012-06-10,5.12.4
systemrescue,2.4.1,2011-12-14,5.12.4
systemrescue,2.1.1,2011-05-07,5.12.2
systemrescue,2.0.1,2011-02-15,5.12.2
systemrescue,1.6.4,2010-12-01,5.12.2
systemrescue,1.5.8,2010-07-09,5.8.8
systemrescue,1.3.5,2010-01-25,5.8.8
systemrescue,1.2.3,2009-08-10,5.8.8
systemrescue,1.1.7,2009-04-05,5.8.8
systemrescue,1.0.4,2008-06-29,5.8.8
systemrescue,0.4.3,2008-01-20,5.8.8
systemrescue,0.3.8,2007-09-04,5.8.8
systemrescue,0.2.19,2006-05-01,5.8.4
systemrescue,0.2.15,2004-08-18,5.8.4
t2,snapshot,2022-04-28,5.34.1
t2,21.7,2021-07-09,5.34.0
t2,20.10,2020-12-04,5.32.0
t2,8.0,2010-07-15,5.12.1
t2,6.0.3,2007-03-28,5.8.8
t2,2.1.1,2006-01-15,5.8.6
tails,5.0-beta1,2022-04-05,5.32.1
tails,4.29,2022-04-05,5.28.1
tails,3.16,2019-09-04,5.24.1
tails,2.12,2017-04-19,5.20.2
tails,1.8.2,2016-01-10,5.14.2
tails,1.0.1,2014-06-10,5.10.1
tails,0.6,2010-10-22,5.10.0
thinstation,6.2.13,2022-03-11," "
thinstation,5.6.1,2018-09-21,5.20.0
tinycore,13.0,2022-01-31,--
tinycore,12.0,2021-02-17,--
tinycore,11.1,2020-04-01,--
tinycore,10.1,2019-06-19,--
tinycore,9.0,2018-02-26,--
tinycore,8.2,2017-09-23,--
tinycore,7.2,2016-07-05,--
tinycore,6.4.1,2015-11-04,--
tinycore,5.4,2014-09-10,--
tinycore,4.7.7,2013-05-10,--
tinycore,3.8.4,2011-09-01,--
tinycore,2.11,2010-05-02,--
tinycore,1.4.3,2009-05-25,--
tooppy,2.4,2021-02-12,5.14.2
tooppy,2.3,2019-03-11,5.14.2
trisquel,10.0,2022-02-01,5.30.0
trisquel,9.0.1,2021-10-27,5.26.1
trisquel,8.0,2018-04-18,5.22.1
trisquel,7.0,2014-11-03,5.18.2
trisquel,6.0,2013-03-11,5.14.2
trisquel,5.5,2012-04-16,5.12.4
trisquel,5.0,2011-09-17,5.10.1
trisquel,4.5.1,2011-05-24,5.10.1
trisquel,4.0,2010-09-18,5.10.1
trisquel,3.5,2010-03-23,5.10.0
trisquel,3.0.1,2009-12-17,5.10.0
trisquel,2.2.2,2009-12-17,5.8.8
trisquel,2.1,2008-12-18,5.8.8
trisquel,2.0,2008-07-24,5.8.8
trisquel,1.5,2007-10-25,5.8.8
trisquel,1.0,2007-01-30,5.8.8
turnkey,17.0,2022-04-13,5.32.1
turnkey,16.0,2020-05-04,5.28.1
turnkey,15.0,2018-07-27,5.24.1
turnkey,14.2,2017-03-30,5.20.2
turnkey,13.0,2013-11-20,5.14.2
turnkey,12.0,2012-08-30,5.10.1
turnkey,11.3,2011-12-06,5.10.1
ubos,20190331,2019-03-31,5.28.1
ubports,16.04,2018-08-26,5.22.1
ubports,15.04,2015-04-23,5.20.2
ubuntu,snapshotkinetic,2022-04-28,5.34.0
ubuntu,22.04jammy,2022-04-21,5.34.0
ubuntu,21.10impish,2021-10-14,5.32.1
ubuntu,21.04hirsute,2021-04-22,5.32.1
ubuntu,20.10groovy,2020-10-22,5.30.3
ubuntu,"20.04 LTSfocal",2020-04-23,5.30.0
ubuntu,19.10eoan,2019-10-17,5.28.1
ubuntu,19.04disco,2019-04-18,5.28.1
ubuntu,18.10cosmic,2018-10-18,5.26.2
ubuntu,"18.04 LTSbionic",2018-04-26,5.26.1
ubuntu,17.10artful,2017-10-19,5.26.0
ubuntu,17.04zesty,2017-04-13,5.24.1
ubuntu,16.10yakkety,2016-10-13,5.22.2
ubuntu,"16.04 LTSxenial",2016-04-21,5.22.1
ubuntu,15.10wily,2015-10-22,5.20.2
ubuntu,15.04vivid,2015-04-23,5.20.2
ubuntu,14.10utopic,2014-10-23,5.20.0
ubuntu,"14.04 LTStrusty",2014-04-17,5.18.2
ubuntu,13.10saucy,2013-10-17,5.14.2
ubuntu,13.04raring,2013-04-25,5.14.2
ubuntu,12.10quantal,2012-10-18,5.14.2
ubuntu,"12.04 LTSprecise",2012-04-26,5.14.2
ubuntu,11.10oneiric,2011-10-13,5.12.4
ubuntu,11.04natty,2011-04-28,5.10.1
ubuntu,10.10maverick,2010-10-10,5.10.1
ubuntu,"10.04 LTSlucid",2010-04-29,5.10.1
ubuntu,9.10karmic,2009-10-29,5.10.0
ubuntu,9.04jaunty,2009-04-23,5.10.0
ubuntu,8.10intrepid,2008-10-30,5.10.0
ubuntu,"8.04 LTShardy",2008-04-24,5.8.8
ubuntu,7.10gutsy,2007-10-18,5.8.8
ubuntu,7.04feisty,2007-04-19,5.8.8
ubuntu,6.10edgy,2006-10-26,5.8.8
ubuntu,"6.06 LTSdapper",2006-06-01,5.8.7
ubuntu,5.10breezy,2005-10-13,5.8.7
ubuntu,5.04hoary,2005-04-08,5.8.4
ubuntu,4.10warty,2004-10-20,5.8.4
ubuntubudgie,22.04jammy,2022-04-21,5.34.0
ubuntubudgie,21.10impish,2021-10-14,5.32.1
ubuntubudgie,21.04hirsute,2021-04-22,5.32.1
ubuntubudgie,20.10groovy,2020-10-22,5.30.3
ubuntubudgie,20.04focal,2020-04-23,5.30.0
ubuntubudgie,19.10eoan,2019-04-18,5.28.1
ubuntubudgie,19.04disco,2019-10-27,5.28.1
ubuntubudgie,18.10cosmic,2018-10-18,5.26.2
ubuntubudgie,18.04bionic,2018-04-26,5.26.1
ubuntubudgie,17.10artful,2017-10-19,5.26.0
ubuntubudgie,17.04zesty,2017-04-13,5.24.1
ubuntubudgie,16.10,2016-10-16,5.22.2
ubuntubudgie,16.04.3,2017-08-06,5.22.1
ubuntuce,22.04.0,2022-04-28,5.34.0
ubuntuce,20.04.4,2022-03-24,5.30.0
ubuntuce,12.04,2012-09-06,5.14.2
ubuntuce,5.0,2009-07-17,5.10.0
ubuntuce,4.0,2008-08-25,5.8.8
ubuntuce,3.3,2007-07-29,5.8.8
ubuntuce,2.2,2007-03-15,5.8.8
ubuntuce,1.5.3,2007-03-15,5.8.7
ubuntudp,20.04,2020-09-03,5.30.0
ubuntudp,18.04,2018-12-18,5.26.1
ubuntudp,16.04.1,2016-07-31,5.22.1
ubuntudp,15.04,2015-06-23,5.20.2
ubuntudp,14.10,2015-01-22,5.20.1
ubuntudp,14.04,2014-06-30,5.18.2
ubuntudp,13.10,2014-01-17,5.14.2
ubuntudp,13.04,2013-07-29,5.14.2
ubuntudp,12.10,2013-01-21,5.14.2
ubuntudp,12.04,2012-06-24,5.14.2
ubuntudp,11.10,2012-02-05,5.12.4
ubuntukylin,22.04jammy,2022-04-21,5.34.0
ubuntukylin,21.10impish,2021-10-14,5.32.1
ubuntukylin,21.04hirsute,2021-04-22,5.32.1
ubuntukylin,20.10groovy,2020-10-22,5.30.3
ubuntukylin,20.04focal,2020-04-23,5.30.0
ubuntukylin,19.10eoan,2019-10-17,5.28.1
ubuntukylin,19.04disco,2019-04-18,5.28.1
ubuntukylin,18.10cosmic,2018-10-18,5.26.2
ubuntukylin,18.04bionic,2018-04-26,5.26.1
ubuntukylin,17.10artful,2017-10-19,5.26.0
ubuntukylin,17.04zesty,2017-04-13,5.24.1
ubuntukylin,16.10yakkety,2016-10-13,5.22.2
ubuntukylin,16.04xenial,2016-04-21,5.22.1
ubuntukylin,15.10wily,2015-10-22,5.20.2
ubuntukylin,15.04vivid,2015-04-23,5.20.2
ubuntukylin,14.10utopic,2014-10-23,5.20.1
ubuntukylin,14.04trusty,2014-04-17,5.18.2
ubuntukylin,13.10saucy,2013-10-17,5.14.2
ubuntukylin,13.04raring,2013-04-25,5.14.2
ubuntumate,22.04jammy,2022-04-21,5.34.0
ubuntumate,21.10impish,2021-10-14,5.32.1
ubuntumate,21.04hirsute,2021-04-22,5.32.1
ubuntumate,20.10groovy,2020-10-22,5.30.3
ubuntumate,20.04focal,2020-04-23,5.30.0
ubuntumate,19.10eoan,2019-10-17,5.28.1
ubuntumate,19.04disco,2019-04-18,5.28.1
ubuntumate,18.10cosmic,2018-10-18,5.26.2
ubuntumate,18.04bionic,2018-04-26,5.26.1
ubuntumate,17.10artful,2017-10-19,5.26.0
ubuntumate,17.04zesty,2017-04-13,5.24.1
ubuntumate,16.10yakkety,2016-10-13,5.22.2
ubuntumate,16.04xenial,2016-04-21,5.22.1
ubuntumate,15.10wily,2015-10-22,5.20.2
ubuntumate,15.04vivid,2015-04-23,5.20.2
ubuntumate,14.10,2014-10-23,5.20.1
ubuntumate,14.04.2,2015-03-23,5.18.2
ubuntustudio,22.04jammy,2022-04-21,5.34.0
ubuntustudio,21.10impish,2021-10-14,5.32.1
ubuntustudio,21.04hirsute,2021-04-22,5.32.1
ubuntustudio,20.10groovy,2020-10-22,5.30.3
ubuntustudio,20.04focal,2020-04-23,5.30.0
ubuntustudio,19.10eoan,2019-10-17,5.28.1
ubuntustudio,19.04disco,2019-04-18,5.28.1
ubuntustudio,18.10cosmic,2018-10-18,5.26.2
ubuntustudio,18.04bionic,2018-04-26,5.26.1
ubuntustudio,17.10artful,2017-10-19,5.26.0
ubuntustudio,17.04zesty,2017-04-13,5.24.1
ubuntustudio,16.10yakkety,2016-10-13,5.22.2
ubuntustudio,16.04xenial,2016-04-21,5.22.1
ubuntustudio,15.10wily,2015-10-22,5.20.2
ubuntustudio,15.04vivid,2015-04-23,5.20.2
ubuntustudio,14.10utopic,2014-10-23,5.20.1
ubuntustudio,14.04trusty,2014-04-17,5.18.2
ubuntustudio,13.10saucy,2013-10-17,5.14.2
ubuntustudio,13.04raring,2013-04-25,5.14.2
ubuntustudio,12.10quantal,2012-10-18,5.14.2
ubuntustudio,12.04precise,2012-04-26,5.14.2
ubuntustudio,11.10oneiric,2011-10-13,5.12.4
ubuntustudio,11.04natty,2011-04-28,5.10.1
ubuntustudio,10.10maverick,2010-10-10,5.10.1
ubuntustudio,10.04lucid,2010-04-29,5.10.1
ubuntustudio,9.10karmic,2009-10-29,5.10.0
ubuntustudio,9.04jaunty,2009-04-23,5.10.0
ubuntustudio,8.10intrepid,2008-10-30,5.10.0
ubuntustudio,8.04hardy,2008-04-24,5.8.8
ubuntustudio,7.10gutsy,2007-10-20,5.8.8
ubuntustudio,7.04feisty,2007-05-10,5.8.8
ufficiozero,Urbino4.0,2022-04-05,5.32.1
ufficiozero,Portofino3.0,2021-12-14,5.32.1
ufficiozero,Siena3.1,2021-12-16,5.28.1
ufficiozero,Tropea3.3,2022-01-14,5.30.0
ufficiozero,Bergamo3.2,2021-11-22,5.22.3
ufficiozero,Vieste2.2,2022-03-09,5.26.1
ufficiozero,Roma2.1,2021-12-16,5.28.1
ufficiozero,Mantova2.0.3,2021-01-20,5.22.3
ufficiozero,1.1,2020-05-04,5.26.1
ufficiozero,0.8,2006-10-26,5.8.7
ultimate,7.1,2021-02-09,5.32.1
ultimate,6.9,2020-12-16,5.30.3
ultimate,6.5,2019-05-14,5.28.1
ultimate,6.0,2018-11-03,5.26.2
ultimate,5.7,2017-10-28,5.26.0
ultimate,5.1,2017-01-13,5.22.1
ultimate,5.0.1,2016-09-09,5.22.1
ultimate,4.9,2015-12-20,5.20.2
ultimate,4.4,2015-04-04,5.20.1
ultimate,4.2.1,2014-10-23,5.18.2
ultimate,4.0,2014-04-20,5.14.2
ultimate,3.9,2014-04-09,5.14.2
ultimate,3.6,2013-10-24,5.14.2
ultimate,3.0.1,2012-02-25,5.10.1
ultimate,2.9,2011-03-15,5.10.1
ultimate,2.7,2010-06-05,5.10.1
ultimate,2.5,2009-12-10,5.10.0
ultimate,2.3,2009-06-30,5.10.0
ultimate,2.1,2009-02-22,5.10.0
ultimate,1.9,2008-08-19,5.8.8
ultimate,1.7,2008-01-26,5.8.8
ultramarine,35,2021-12-16,2.27
univention,5.0-1,2021-12-15,5.28.1
univention,4.4-9,2022-04-13,5.24.1
univention,4.0-5,2016-04-05,5.14.2
univention,3.3-1,2016-12-21,5.10.1
untangle,16.2.0,2021-01-19,5.28.1
untangle,15.0.0,2020-02-18,5.24.1
untangle,14.2.0,2019-06-11,5.24.1
untangle,13.1.0,2017-09-05,5.20.2
untangle,12.1.2,2016-09-15,5.20.2
untangle,11.2.1,2016-03-06,5.14.2
untangle,10.2.1,2014-06-18,5.10.1
untangle,9.4.2,2013-08-26,5.10.0
untangle,8.1.1,2011-03-04,5.10.0
untangle,7.4.1,2010-09-08,5.10.0
untangle,6.2.0,2009-06-03,5.10.0
untangle,5.4.2,2008-10-29,5.8.4
uruk,3.0-alfa2,2022-03-16,5.32.1
uruk,2.0,2017-12-05,5.22.1
uruk,1.0,2016-04-13,5.18.2
venom,3.0-rc1,2021-10-19,5.34.0
venom,2.1,2021-06-08,5.32.1
vine,VineSeed,2022-04-28,5.34.0
vine,6.5poupille,2017-04-03,5.12.3
vine,6.3malartic,2015-02-26,5.12.3
vine,6.2hautbailly,2013-10-15,5.12.3
vine,6.1papeclement,2012-07-30,5.12.3
vine,6.0hautbrion,2011-08-06,5.12.3
vine,5.2palmer,2010-11-30,5.10.0
vine,5.1cheval,2009-08-25,5.10.0
vine,5.0lafite,2009-08-25,5.10.0
vine,4.2cos,2007-12-25,5.8.6
vine,4.1cos,2007-02-22,5.8.6
vine,4.0latour,2006-11-22,5.8.6
vine,3.2ducru,2005-09-2,5.8.2
vine,3.1pichon,2004-11-26,5.8.2
vine,3.0valandraud,2004-08-02,5.8.2
vine,2.6lafleur,2004-02-11,5.6.1
vine,2.5domaine,2002-04-14,5.6.1
vine,2.1.5calon,2001-03-23,5.5.3
vine,2.1cissac,2000-11-03,5.5.3
vine,2.0sociando,2000-04-15,5.5.3
vine,1.1rheingau,1999-08-26,5.4
vine,1.0nahe,1999-05-17,5.4
void,20210930,2021-09-30,5.32.1
void,20191109,2019-11-13,5.30.0
void,20181111,2018-11-12,5.28.0
void,20171007,2017-10-07,5.26.1
void,20150221,2015-02-21,5.20.2
volumio,2.916,2021-10-01,5.20.2
volumio,2.861,2020-12-24,5.20.2
volumio,2.03,2016-11-23,5.20.2
volumio,1.5,2014-10-28,5.14.2
volumio,1.0,2013-09-07,5.14.2
voyager,22.04,2022-04-28,5.34.0
voyager,21.10,2021-11-02,5.32.1
voyager,11,2021-08-23,5.32.1
voyager,21.04,2021-04-27,5.32.1
voyager,20.10.1,2020-11-03,5.30.3
voyager,20.04.2,2021-03-13,5.30.0
voyager,19.10,2019-10-25,5.28.1
voyager,10.1,2019-09-14,5.28.1
voyager,19.04,2019-04-24,5.28.1
voyager,18.10.3,2019-03-15,5.26.2
voyager,18.04.2,2019-02-16,5.26.1
voyager,9,2017-06-24,5.24.1
voyager,16.04.3,2017-08-20,5.22.1
voyager,14.04.04,2015-03-09,5.18.2
voyager,7,2014-01-31,5.14.2
voyager,13.10,2013-10-28,5.14.2
voyager,13.04,2013-04-28,5.14.2
voyager,12.04,2012-05-03,5.14.2
vyos,1.3.1,2022-03-21," "
vyos,1.1.8helium,2017-11-13,5.10.1
vz,8.4,2021-07-05,5.26.3
whonix,16.0.4.2,2022-02-18,5.32.1
whonix,15.0.1.5.4,2020-12-17,5.28.1
whonix,14.0.1.4.4,2019-03-17,5.24.1
whonix,13.0.0.1.4,2016-12-21,5.20.2
whonix,12.0.0.3.2,2015-12-14,5.20.2
wifislax,2.4,2021-01-20,5.22.2
wifislax,2.1,2020-06-27,5.22.2
wifislax,2.0,2019-02-03,5.22.2
wifislax,1.1,2017-07-29,5.22.2
wifislax,4.12,2016-08-05,5.22.2
wifislax,4.11.1,2015-08-01,5.18.1
wifislax,4.10,2014-12-16,5.18.1
wifislax,4.6,2013-07-30,5.16.3
wifislax,3.1,2007-10-09,5.8.8
xstreamos,154.1.0.0,2017-07-01," "
xstreamos,5.11-0.153,2015-06-10,5.12.5
xubuntu,22.04jammy,2022-04-21,5.34.0
xubuntu,21.10impish,2021-10-14,5.32.1
xubuntu,21.04hirsute,2021-04-22,5.32.1
xubuntu,20.10groovy,2020-10-22,5.30.3
xubuntu,20.04focal,2020-04-23,5.30.0
xubuntu,19.10eoan,2019-10-17,5.28.1
xubuntu,19.04disco,2019-04-18,5.28.1
xubuntu,18.10cosmic,2018-10-18,5.26.2
xubuntu,18.04bionic,2018-04-26,5.26.1
xubuntu,17.10artful,2017-10-19,5.26.0
xubuntu,17.04zesty,2017-04-13,5.24.1
xubuntu,16.10yakkety,2016-10-13,5.22.2
xubuntu,16.04xenial,2016-04-21,5.22.1
xubuntu,15.10wily,2015-10-22,5.20.2
xubuntu,15.04vivid,2015-04-23,5.20.2
xubuntu,14.10utopic,2014-10-23,5.20.1
xubuntu,14.04trusty,2014-04-17,5.18.2
xubuntu,13.10saucy,2013-10-17,5.14.2
xubuntu,13.04raring,2013-04-25,5.14.2
xubuntu,12.10quantal,2012-10-18,5.14.2
xubuntu,12.04precise,2012-04-26,5.14.2
xubuntu,11.10oneiric,2011-10-13,5.12.4
xubuntu,11.04natty,2011-04-28,5.10.1
xubuntu,10.10maverick,2010-10-10,5.10.1
xubuntu,10.04lucid,2010-04-29,5.10.1
xubuntu,9.10karmic,2009-10-29,5.10.0
xubuntu,9.04jaunty,2009-04-23,5.10.0
xubuntu,8.10intrepid,2008-10-30,5.10.0
xubuntu,8.04hardy,2008-04-24,5.8.8
xubuntu,7.10gutsy,2007-10-18,5.8.8
xubuntu,7.04feisty,2007-04-19,5.8.8
xubuntu,6.10edgy,2006-10-26,5.8.8
xubuntu,6.06dapper,2006-06-01,5.8.7
yunohost,4.1.8,2021-05-04,5.28.1
yunohost,3.6.4.6,2019-08-11,5.24.1
zentyal,7.0,2021-01-26,5.30.0
zentyal,6.2,2020-05-08,5.26.1
zentyal,5.1,2018-03-22,5.22.1
zentyal,4.2,2015-10-22,5.18.2
zentyal,4.0,2014-10-28,5.18.2
zentyal,3.4,2014-03-18,5.14.2
zentyal,3.0-2,2013-03-19,5.14.2
zentyal,2.3,2012-03-08,5.14.2
zentyal,2.2-2,2012-03-02,5.10.1
zentyal,2.0-4,2011-07-03,5.10.1
zentyal,1.5-1,2010-08-05,5.10.1
zentyal,1.4-2,2010-05-12,5.8.8
zentyal,1.2-1,2009-09-08,5.8.8
zenwalk,15.0-220204,2022-02-04,5.34.0
zenwalk,8.0,2016-07-02,5.22.2
zenwalk,7.9.6,2015-10-31,5.22.0
zenwalk,7.4,2014-02-13,5.18.1
zenwalk,7.2,2012-10-12,5.16.1
zenwalk,7.0,2011-03-25,5.12.3
zenwalk,6.4,2010-05-27,5.10.1
zenwalk,6.2,2009-09-06,5.10.1
zenwalk,6.0,2009-03-07,5.10.0
zenwalk,5.2,2008-06-07,5.8.8
zenwalk,5.0,2008-01-18,5.8.8
zenwalk,4.8,2007-10-07,5.8.8
zenwalk,4.6.1,2007-06-01,5.8.8
zenwalk,3.0,2006-09-08,5.8.8
zenwalk,2.8,2006-07-21,5.8.8
zenwalk,1.3,2005-10-15,5.8.7
zenwalk,0.4,2005-03-25,5.8.6
zephix,4,2022-04-09,5.32.1
zevenet,5.11,2020-05-14,5.28.1
zevenet,5.0,2018-02-12,5.24.1
zevenet,4.0.5,2017-07-11,5.20.2
zorin,16.1,2022-03-10,5.30.0
zorin,15.3,2020-09-08,5.26.1
zorin,12.4,2018-08-13,5.22.1
zorin,11,2016-02-03,5.20.2
zorin,10,2015-08-01,5.20.2
zorin,9,2014-07-15,5.18.2
zorin,8.1,2014-02-21,5.14.2
zorin,7.1,2013-10-16,5.14.2
zorin,6.4,2013-08-28,5.14.2
zorin,5.2,2011-11-23,5.10.1
zorin,4,2010-12-22,5.10.1
zorin,3.2,2011-11-10,5.10.1
zorin,2,2010-01-01,5.10.0
zorin,1,2009-07-01,5.10.0
